GC_Content	AT_Content	Sequence_Length	Num_A	Num_T	Num_C	Num_G	kmer_3_freq	Mutation_Flag	Class_Label	Disease_Risk	GC_AT_Sum	Risk_Level_Num
50.0	50.0	100	22	28	19	31	0.986	0	Bacteria	High	100.0	3
45.0	55.0	100	27	28	22	23	0.486	1	Virus	Medium	100.0	2
51.0	49.0	100	26	23	30	21	0.367	1	Bacteria	Low	100.0	1
55.0	45.0	100	28	17	23	32	0.404	0	Human	Medium	100.0	2
46.0	54.0	100	24	30	25	21	0.818	0	Human	High	100.0	3
45.0	55.0	100	29	26	26	19	0.495	1	Plant	Low	100.0	1
62.0	38.0	100	12	26	35	27	0.57	1	Bacteria	High	100.0	3
46.0	54.0	100	26	28	23	23	0.42	0	Virus	Low	100.0	1
42.0	58.0	100	32	26	19	23	0.935	1	Human	Low	100.0	1
59.0	41.0	100	18	23	31	28	0.606	1	Bacteria	Low	100.0	1
49.0	51.0	100	18	33	22	27	0.178	0	Virus	Medium	100.0	2
44.0	56.0	100	30	26	26	18	0.331	0	Bacteria	Medium	100.0	2
50.0	50.0	100	22	28	26	24	0.128	0	Bacteria	Medium	100.0	2
49.0	51.0	100	27	24	22	27	0.265	1	Plant	Medium	100.0	2
50.0	50.0	100	25	25	24	26	0.766	0	Human	Medium	100.0	2
52.0	48.0	100	26	22	24	28	0.524	0	Virus	High	100.0	3
62.0	38.0	100	22	16	29	33	0.885	0	Virus	Medium	100.0	2
45.0	55.0	100	28	27	25	20	0.636	0	Bacteria	High	100.0	3
54.0	46.0	100	25	21	17	37	0.839	1	Virus	Low	100.0	1
49.0	51.0	100	23	28	21	28	0.533	0	Virus	Medium	100.0	2
46.0	54.0	100	29	25	23	23	0.864	1	Plant	Low	100.0	1
43.0	57.0	100	30	27	25	18	0.953	1	Bacteria	Low	100.0	1
58.0	42.0	100	21	21	33	25	0.942	1	Human	Medium	100.0	2
45.0	55.0	100	23	32	22	23	0.925	0	Plant	Low	100.0	1
52.0	48.0	100	26	22	21	31	0.355	1	Bacteria	High	100.0	3
52.0	48.0	100	24	24	23	29	0.291	0	Bacteria	High	100.0	3
52.0	48.0	100	23	25	24	28	0.38	1	Human	High	100.0	3
43.0	57.0	100	28	29	21	22	0.541	0	Human	Low	100.0	1
46.0	54.0	100	33	21	23	23	0.672	0	Plant	Medium	100.0	2
55.0	45.0	100	18	27	27	28	0.259	1	Bacteria	High	100.0	3
53.0	47.0	100	20	27	25	28	0.61	0	Plant	High	100.0	3
47.0	53.0	100	24	29	24	23	0.373	1	Human	High	100.0	3
42.0	58.0	100	30	28	22	20	0.327	0	Plant	Medium	100.0	2
42.0	58.0	100	26	32	20	22	0.575	1	Plant	High	100.0	3
47.0	53.0	100	31	22	17	30	0.987	0	Virus	High	100.0	3
52.0	48.0	100	18	30	25	27	0.735	1	Virus	Low	100.0	1
55.0	45.0	100	26	19	30	25	0.507	0	Bacteria	Low	100.0	1
43.0	57.0	100	33	24	26	17	0.203	0	Plant	High	100.0	3
59.0	41.0	100	21	20	20	39	0.337	1	Human	High	100.0	3
51.0	49.0	100	25	24	26	25	0.537	0	Human	Low	100.0	1
62.0	38.0	100	15	23	33	29	0.615	0	Virus	Low	100.0	1
46.0	54.0	100	28	26	22	24	0.937	1	Plant	Medium	100.0	2
42.0	58.0	100	25	33	24	18	0.617	0	Virus	Medium	100.0	2
50.0	50.0	100	22	28	29	21	0.393	0	Plant	Low	100.0	1
53.0	47.0	100	19	28	28	25	0.691	1	Bacteria	Medium	100.0	2
61.0	39.0	100	19	20	31	30	0.429	0	Plant	Medium	100.0	2
45.0	55.0	100	30	25	16	29	0.639	1	Human	Medium	100.0	2
48.0	52.0	100	29	23	20	28	0.931	1	Virus	Low	100.0	1
50.0	50.0	100	28	22	24	26	0.779	0	Human	Low	100.0	1
43.0	57.0	100	27	30	17	26	0.239	0	Bacteria	Low	100.0	1
51.0	49.0	100	32	17	27	24	0.25	0	Virus	High	100.0	3
46.0	54.0	100	30	24	22	24	0.462	1	Human	Medium	100.0	2
53.0	47.0	100	21	26	26	27	0.285	1	Bacteria	High	100.0	3
56.0	44.0	100	25	19	25	31	0.78	1	Plant	Low	100.0	1
49.0	51.0	100	21	30	19	30	0.582	0	Virus	Low	100.0	1
45.0	55.0	100	22	33	25	20	0.15	0	Human	High	100.0	3
44.0	56.0	100	32	24	17	27	0.203	0	Plant	Medium	100.0	2
52.0	48.0	100	20	28	20	32	0.554	1	Plant	High	100.0	3
58.0	42.0	100	19	23	33	25	0.812	0	Bacteria	High	100.0	3
50.0	50.0	100	25	25	28	22	0.44	1	Virus	Low	100.0	1
49.0	51.0	100	30	21	25	24	0.128	0	Bacteria	High	100.0	3
52.0	48.0	100	23	25	28	24	0.255	1	Human	Medium	100.0	2
49.0	51.0	100	19	32	20	29	0.502	0	Plant	High	100.0	3
51.0	49.0	100	27	22	27	24	0.801	0	Plant	Low	100.0	1
54.0	46.0	100	24	22	29	25	0.652	0	Human	Low	100.0	1
42.0	58.0	100	29	29	19	23	0.394	1	Bacteria	Low	100.0	1
44.0	56.0	100	33	23	26	18	0.378	0	Plant	High	100.0	3
48.0	52.0	100	34	18	29	19	0.713	1	Human	High	100.0	3
44.0	56.0	100	22	34	23	21	0.11	0	Human	Low	100.0	1
52.0	48.0	100	23	25	27	25	0.863	1	Plant	Low	100.0	1
56.0	44.0	100	24	20	28	28	0.305	1	Plant	Medium	100.0	2
48.0	52.0	100	23	29	22	26	0.15	0	Virus	Low	100.0	1
52.0	48.0	100	24	24	31	21	0.906	1	Virus	Low	100.0	1
43.0	57.0	100	25	32	19	24	0.347	0	Plant	Low	100.0	1
50.0	50.0	100	28	22	29	21	0.141	1	Plant	High	100.0	3
48.0	52.0	100	19	33	30	18	0.3	0	Plant	Low	100.0	1
45.0	55.0	100	26	29	17	28	0.156	0	Virus	Low	100.0	1
53.0	47.0	100	23	24	34	19	0.86	0	Human	Low	100.0	1
46.0	54.0	100	27	27	26	20	0.78	0	Bacteria	Low	100.0	1
48.0	52.0	100	24	28	27	21	0.387	0	Bacteria	High	100.0	3
54.0	46.0	100	21	25	29	25	0.537	1	Plant	High	100.0	3
50.0	50.0	100	21	29	27	23	0.296	0	Virus	High	100.0	3
46.0	54.0	100	28	26	20	26	0.926	1	Human	Low	100.0	1
51.0	49.0	100	22	27	21	30	0.611	0	Bacteria	High	100.0	3
50.0	50.0	100	21	29	22	28	0.395	1	Plant	High	100.0	3
49.0	51.0	100	22	29	20	29	0.303	1	Human	Low	100.0	1
55.0	45.0	100	28	17	28	27	0.401	1	Bacteria	Medium	100.0	2
57.0	43.0	100	25	18	35	22	0.401	0	Plant	Low	100.0	1
54.0	46.0	100	24	22	30	24	0.276	1	Bacteria	High	100.0	3
51.0	49.0	100	23	26	28	23	0.992	1	Human	Low	100.0	1
55.0	45.0	100	22	23	33	22	0.86	0	Plant	Medium	100.0	2
53.0	47.0	100	24	23	33	20	0.878	0	Plant	Medium	100.0	2
43.0	57.0	100	25	32	26	17	0.261	1	Virus	High	100.0	3
51.0	49.0	100	24	25	22	29	0.786	0	Plant	High	100.0	3
51.0	49.0	100	28	21	24	27	0.722	0	Plant	Medium	100.0	2
60.0	40.0	100	16	24	27	33	0.527	1	Human	Low	100.0	1
58.0	42.0	100	23	19	32	26	0.797	0	Plant	High	100.0	3
52.0	48.0	100	22	26	25	27	0.104	0	Bacteria	Low	100.0	1
42.0	58.0	100	24	34	22	20	0.406	0	Plant	High	100.0	3
49.0	51.0	100	30	21	26	23	0.111	0	Bacteria	Low	100.0	1
49.0	51.0	100	19	32	27	22	0.67	0	Plant	Medium	100.0	2
62.0	38.0	100	23	15	30	32	0.252	0	Bacteria	High	100.0	3
48.0	52.0	100	33	19	26	22	0.179	0	Bacteria	High	100.0	3
47.0	53.0	100	29	24	22	25	0.523	0	Human	High	100.0	3
50.0	50.0	100	24	26	24	26	0.612	1	Virus	Medium	100.0	2
48.0	52.0	100	28	24	21	27	0.776	1	Human	High	100.0	3
44.0	56.0	100	26	30	22	22	0.208	0	Virus	Low	100.0	1
53.0	47.0	100	23	24	21	32	0.154	0	Plant	Low	100.0	1
57.0	43.0	100	24	19	27	30	0.91	1	Virus	Medium	100.0	2
56.0	44.0	100	25	19	28	28	0.144	1	Human	Low	100.0	1
51.0	49.0	100	21	28	24	27	0.806	0	Bacteria	Medium	100.0	2
50.0	50.0	100	22	28	24	26	0.507	0	Bacteria	High	100.0	3
42.0	58.0	100	33	25	23	19	0.145	1	Bacteria	High	100.0	3
58.0	42.0	100	17	25	28	30	0.12	0	Plant	High	100.0	3
48.0	52.0	100	28	24	28	20	0.228	1	Virus	Low	100.0	1
54.0	46.0	100	27	19	29	25	0.611	1	Virus	Low	100.0	1
44.0	56.0	100	22	34	20	24	0.316	0	Bacteria	Low	100.0	1
54.0	46.0	100	25	21	27	27	0.781	1	Bacteria	High	100.0	3
58.0	42.0	100	23	19	26	32	0.963	0	Virus	High	100.0	3
45.0	55.0	100	26	29	18	27	0.317	1	Virus	Low	100.0	1
48.0	52.0	100	26	26	27	21	0.771	0	Bacteria	High	100.0	3
52.0	48.0	100	30	18	28	24	0.858	1	Virus	High	100.0	3
47.0	53.0	100	31	22	24	23	0.97	1	Plant	Medium	100.0	2
52.0	48.0	100	28	20	27	25	0.362	0	Virus	Medium	100.0	2
53.0	47.0	100	24	23	23	30	0.602	0	Human	High	100.0	3
52.0	48.0	100	20	28	29	23	0.995	0	Human	Medium	100.0	2
50.0	50.0	100	24	26	23	27	0.348	0	Bacteria	Low	100.0	1
53.0	47.0	100	23	24	30	23	0.447	1	Human	Medium	100.0	2
50.0	50.0	100	29	21	25	25	0.956	1	Virus	Low	100.0	1
44.0	56.0	100	28	28	19	25	0.534	0	Human	Low	100.0	1
58.0	42.0	100	17	25	31	27	0.373	1	Bacteria	Low	100.0	1
50.0	50.0	100	21	29	26	24	0.962	0	Virus	High	100.0	3
60.0	40.0	100	20	20	35	25	0.344	0	Plant	Medium	100.0	2
45.0	55.0	100	32	23	22	23	0.924	0	Plant	High	100.0	3
49.0	51.0	100	28	23	25	24	0.999	1	Human	Medium	100.0	2
49.0	51.0	100	25	26	26	23	0.622	1	Bacteria	High	100.0	3
42.0	58.0	100	34	24	27	15	0.314	1	Virus	Medium	100.0	2
49.0	51.0	100	23	28	28	21	0.18	0	Bacteria	Medium	100.0	2
46.0	54.0	100	24	30	24	22	0.478	1	Virus	High	100.0	3
49.0	51.0	100	26	25	24	25	0.109	0	Human	High	100.0	3
51.0	49.0	100	27	22	27	24	0.923	0	Plant	Medium	100.0	2
55.0	45.0	100	18	27	23	32	0.796	0	Virus	High	100.0	3
58.0	42.0	100	18	24	22	36	0.433	1	Plant	Low	100.0	1
51.0	49.0	100	28	21	26	25	0.438	0	Plant	High	100.0	3
42.0	58.0	100	32	26	17	25	0.814	0	Virus	Low	100.0	1
44.0	56.0	100	28	28	19	25	0.125	1	Plant	High	100.0	3
45.0	55.0	100	35	20	31	14	0.482	0	Virus	Low	100.0	1
46.0	54.0	100	22	32	21	25	0.699	0	Bacteria	High	100.0	3
49.0	51.0	100	26	25	29	20	0.951	1	Virus	Medium	100.0	2
40.0	60.0	100	26	34	18	22	0.939	0	Plant	Medium	100.0	2
50.0	50.0	100	25	25	29	21	0.279	1	Plant	Medium	100.0	2
52.0	48.0	100	25	23	33	19	0.638	1	Human	Low	100.0	1
52.0	48.0	100	26	22	23	29	0.587	1	Bacteria	High	100.0	3
59.0	41.0	100	19	22	35	24	0.21	1	Virus	Low	100.0	1
47.0	53.0	100	25	28	23	24	0.969	0	Plant	High	100.0	3
49.0	51.0	100	27	24	27	22	0.636	1	Bacteria	Low	100.0	1
55.0	45.0	100	25	20	23	32	0.528	1	Bacteria	High	100.0	3
47.0	53.0	100	23	30	20	27	0.202	0	Human	Medium	100.0	2
55.0	45.0	100	18	27	28	27	0.333	1	Bacteria	Medium	100.0	2
53.0	47.0	100	24	23	30	23	0.487	0	Human	Low	100.0	1
37.0	63.0	100	30	33	20	17	0.473	0	Virus	High	100.0	3
55.0	45.0	100	27	18	34	21	0.819	1	Virus	Low	100.0	1
46.0	54.0	100	30	24	22	24	0.4	1	Virus	Low	100.0	1
48.0	52.0	100	26	26	25	23	0.817	1	Plant	High	100.0	3
47.0	53.0	100	25	28	20	27	0.198	0	Plant	Low	100.0	1
45.0	55.0	100	32	23	23	22	0.81	0	Bacteria	Low	100.0	1
46.0	54.0	100	23	31	27	19	0.248	1	Virus	Low	100.0	1
55.0	45.0	100	21	24	31	24	0.638	1	Human	Low	100.0	1
52.0	48.0	100	25	23	23	29	0.561	1	Human	Low	100.0	1
44.0	56.0	100	26	30	22	22	0.664	0	Human	Low	100.0	1
48.0	52.0	100	21	31	27	21	0.185	1	Bacteria	Low	100.0	1
47.0	53.0	100	28	25	21	26	0.302	1	Bacteria	Low	100.0	1
50.0	50.0	100	26	24	26	24	0.338	1	Plant	Medium	100.0	2
44.0	56.0	100	29	27	21	23	0.88	0	Bacteria	High	100.0	3
55.0	45.0	100	20	25	24	31	0.755	1	Plant	High	100.0	3
53.0	47.0	100	19	28	34	19	0.233	0	Plant	High	100.0	3
53.0	47.0	100	21	26	25	28	0.828	0	Bacteria	High	100.0	3
66.0	34.0	100	19	15	27	39	0.605	1	Plant	High	100.0	3
50.0	50.0	100	28	22	26	24	0.831	1	Plant	Low	100.0	1
45.0	55.0	100	32	23	25	20	0.245	0	Plant	Medium	100.0	2
57.0	43.0	100	24	19	24	33	0.941	1	Virus	Low	100.0	1
51.0	49.0	100	26	23	22	29	0.643	1	Bacteria	High	100.0	3
51.0	49.0	100	27	22	22	29	0.594	1	Bacteria	Low	100.0	1
56.0	44.0	100	19	25	25	31	0.916	1	Human	High	100.0	3
45.0	55.0	100	27	28	15	30	0.6	1	Virus	Low	100.0	1
44.0	56.0	100	29	27	15	29	0.136	0	Human	Medium	100.0	2
55.0	45.0	100	27	18	29	26	1.0	0	Virus	High	100.0	3
50.0	50.0	100	27	23	25	25	0.411	1	Virus	Low	100.0	1
46.0	54.0	100	25	29	24	22	0.596	0	Plant	Medium	100.0	2
54.0	46.0	100	24	22	27	27	0.749	0	Bacteria	High	100.0	3
60.0	40.0	100	20	20	30	30	0.898	1	Bacteria	Medium	100.0	2
54.0	46.0	100	23	23	30	24	0.209	1	Virus	Low	100.0	1
48.0	52.0	100	31	21	21	27	0.898	1	Bacteria	Medium	100.0	2
60.0	40.0	100	20	20	32	28	0.944	0	Plant	High	100.0	3
53.0	47.0	100	27	20	22	31	0.675	1	Bacteria	High	100.0	3
55.0	45.0	100	25	20	33	22	0.571	0	Bacteria	Medium	100.0	2
52.0	48.0	100	24	24	27	25	0.635	0	Virus	High	100.0	3
43.0	57.0	100	26	31	19	24	0.918	1	Plant	Low	100.0	1
47.0	53.0	100	23	30	23	24	0.734	1	Human	High	100.0	3
47.0	53.0	100	26	27	27	20	0.942	1	Bacteria	Medium	100.0	2
50.0	50.0	100	25	25	22	28	0.289	1	Plant	Medium	100.0	2
43.0	57.0	100	34	23	21	22	0.722	1	Virus	Low	100.0	1
54.0	46.0	100	30	16	29	25	0.247	1	Bacteria	Medium	100.0	2
58.0	42.0	100	18	24	24	34	0.17	0	Plant	Medium	100.0	2
51.0	49.0	100	20	29	23	28	0.582	0	Virus	High	100.0	3
48.0	52.0	100	24	28	27	21	0.237	0	Human	Medium	100.0	2
56.0	44.0	100	21	23	26	30	0.962	1	Human	Low	100.0	1
46.0	54.0	100	35	19	28	18	0.709	1	Human	Low	100.0	1
54.0	46.0	100	30	16	28	26	0.572	0	Virus	Medium	100.0	2
53.0	47.0	100	24	23	28	25	0.604	1	Plant	Low	100.0	1
46.0	54.0	100	24	30	28	18	0.885	0	Plant	Low	100.0	1
42.0	58.0	100	27	31	21	21	0.463	0	Virus	High	100.0	3
55.0	45.0	100	24	21	26	29	0.243	1	Plant	Low	100.0	1
38.0	62.0	100	33	29	18	20	0.631	0	Plant	Low	100.0	1
55.0	45.0	100	26	19	33	22	0.107	1	Human	High	100.0	3
51.0	49.0	100	24	25	25	26	0.164	0	Plant	High	100.0	3
43.0	57.0	100	31	26	19	24	0.349	1	Virus	Low	100.0	1
47.0	53.0	100	28	25	26	21	0.316	1	Virus	High	100.0	3
44.0	56.0	100	32	24	27	17	0.906	0	Bacteria	High	100.0	3
44.0	56.0	100	28	28	26	18	0.415	1	Virus	Medium	100.0	2
47.0	53.0	100	26	27	17	30	0.819	1	Human	Low	100.0	1
51.0	49.0	100	22	27	30	21	0.925	0	Bacteria	Low	100.0	1
56.0	44.0	100	20	24	31	25	0.373	1	Bacteria	Low	100.0	1
51.0	49.0	100	21	28	24	27	0.546	0	Virus	Medium	100.0	2
52.0	48.0	100	25	23	19	33	0.699	0	Human	Low	100.0	1
54.0	46.0	100	24	22	28	26	0.459	0	Bacteria	High	100.0	3
49.0	51.0	100	27	24	17	32	0.28	0	Human	Low	100.0	1
46.0	54.0	100	21	33	20	26	0.591	0	Virus	Low	100.0	1
51.0	49.0	100	26	23	24	27	0.193	0	Human	High	100.0	3
55.0	45.0	100	22	23	28	27	0.603	0	Plant	Medium	100.0	2
51.0	49.0	100	24	25	28	23	0.251	0	Bacteria	Medium	100.0	2
54.0	46.0	100	18	28	23	31	0.18	0	Plant	Low	100.0	1
47.0	53.0	100	34	19	22	25	0.139	0	Bacteria	High	100.0	3
44.0	56.0	100	29	27	21	23	0.183	0	Plant	High	100.0	3
44.0	56.0	100	32	24	21	23	0.926	1	Plant	Low	100.0	1
51.0	49.0	100	22	27	30	21	0.734	1	Bacteria	Low	100.0	1
51.0	49.0	100	25	24	25	26	0.869	0	Human	High	100.0	3
44.0	56.0	100	27	29	28	16	0.207	1	Human	High	100.0	3
49.0	51.0	100	23	28	26	23	0.29	0	Human	Medium	100.0	2
57.0	43.0	100	25	18	25	32	0.226	1	Bacteria	Low	100.0	1
63.0	37.0	100	19	18	28	35	0.155	0	Human	Medium	100.0	2
54.0	46.0	100	20	26	28	26	0.338	1	Human	Low	100.0	1
62.0	38.0	100	17	21	32	30	0.897	0	Bacteria	Medium	100.0	2
50.0	50.0	100	20	30	25	25	0.376	1	Bacteria	Medium	100.0	2
51.0	49.0	100	25	24	27	24	0.731	0	Virus	Medium	100.0	2
49.0	51.0	100	25	26	25	24	0.101	0	Plant	Low	100.0	1
55.0	45.0	100	19	26	30	25	0.23	1	Virus	Medium	100.0	2
52.0	48.0	100	24	24	27	25	0.322	0	Human	Medium	100.0	2
45.0	55.0	100	29	26	26	19	0.774	0	Bacteria	Medium	100.0	2
41.0	59.0	100	17	42	20	21	0.384	1	Plant	Medium	100.0	2
51.0	49.0	100	26	23	22	29	0.514	1	Human	Medium	100.0	2
45.0	55.0	100	20	35	22	23	0.526	1	Human	Low	100.0	1
56.0	44.0	100	20	24	27	29	0.35	1	Bacteria	High	100.0	3
50.0	50.0	100	28	22	30	20	0.487	0	Virus	Medium	100.0	2
52.0	48.0	100	24	24	24	28	0.367	1	Plant	High	100.0	3
54.0	46.0	100	22	24	20	34	0.843	0	Virus	Low	100.0	1
44.0	56.0	100	16	40	25	19	0.752	0	Human	High	100.0	3
48.0	52.0	100	24	28	26	22	0.96	1	Virus	Medium	100.0	2
50.0	50.0	100	27	23	22	28	0.895	0	Human	High	100.0	3
48.0	52.0	100	26	26	21	27	0.865	0	Plant	Low	100.0	1
50.0	50.0	100	28	22	31	19	0.907	0	Plant	Low	100.0	1
59.0	41.0	100	19	22	31	28	0.85	1	Plant	Medium	100.0	2
52.0	48.0	100	24	24	31	21	0.766	1	Virus	High	100.0	3
42.0	58.0	100	35	23	24	18	0.96	0	Plant	Low	100.0	1
58.0	42.0	100	25	17	30	28	0.446	1	Human	Low	100.0	1
54.0	46.0	100	26	20	27	27	0.699	0	Plant	Low	100.0	1
57.0	43.0	100	16	27	28	29	0.437	1	Bacteria	High	100.0	3
54.0	46.0	100	18	28	22	32	0.539	1	Bacteria	Medium	100.0	2
53.0	47.0	100	17	30	20	33	0.573	1	Human	Medium	100.0	2
38.0	62.0	100	31	31	17	21	0.527	0	Virus	Low	100.0	1
47.0	53.0	100	24	29	20	27	0.439	0	Bacteria	Low	100.0	1
57.0	43.0	100	27	16	24	33	0.113	1	Virus	Low	100.0	1
43.0	57.0	100	34	23	17	26	0.966	1	Human	Medium	100.0	2
37.0	63.0	100	31	32	19	18	0.891	0	Virus	Medium	100.0	2
53.0	47.0	100	23	24	28	25	0.121	1	Virus	High	100.0	3
48.0	52.0	100	22	30	25	23	0.876	0	Human	Low	100.0	1
54.0	46.0	100	22	24	35	19	0.359	0	Virus	Medium	100.0	2
56.0	44.0	100	20	24	31	25	0.762	0	Human	Medium	100.0	2
47.0	53.0	100	25	28	19	28	0.213	1	Human	Medium	100.0	2
54.0	46.0	100	26	20	31	23	0.186	1	Human	Medium	100.0	2
44.0	56.0	100	26	30	25	19	0.59	0	Bacteria	Low	100.0	1
55.0	45.0	100	21	24	32	23	0.544	0	Plant	Medium	100.0	2
49.0	51.0	100	22	29	17	32	0.392	1	Plant	Low	100.0	1
44.0	56.0	100	27	29	17	27	0.624	0	Virus	Medium	100.0	2
44.0	56.0	100	28	28	22	22	0.819	1	Plant	High	100.0	3
45.0	55.0	100	32	23	22	23	0.267	1	Virus	Low	100.0	1
51.0	49.0	100	27	22	28	23	0.857	1	Bacteria	Medium	100.0	2
50.0	50.0	100	23	27	21	29	0.364	0	Human	Low	100.0	1
49.0	51.0	100	23	28	28	21	0.189	1	Bacteria	High	100.0	3
45.0	55.0	100	25	30	24	21	0.736	1	Bacteria	Low	100.0	1
47.0	53.0	100	23	30	27	20	0.999	0	Virus	Medium	100.0	2
54.0	46.0	100	16	30	29	25	0.362	1	Human	Low	100.0	1
43.0	57.0	100	30	27	20	23	0.465	1	Plant	Medium	100.0	2
48.0	52.0	100	26	26	25	23	0.802	0	Virus	Medium	100.0	2
46.0	54.0	100	28	26	25	21	0.334	0	Plant	High	100.0	3
49.0	51.0	100	30	21	23	26	0.531	1	Virus	High	100.0	3
65.0	35.0	100	24	11	39	26	0.681	1	Plant	Medium	100.0	2
51.0	49.0	100	23	26	21	30	0.497	0	Bacteria	Low	100.0	1
46.0	54.0	100	23	31	26	20	0.856	1	Virus	Medium	100.0	2
45.0	55.0	100	27	28	29	16	0.207	1	Bacteria	Medium	100.0	2
45.0	55.0	100	23	32	21	24	0.465	0	Virus	High	100.0	3
46.0	54.0	100	20	34	27	19	0.466	0	Bacteria	High	100.0	3
45.0	55.0	100	25	30	19	26	0.914	1	Virus	Low	100.0	1
46.0	54.0	100	25	29	20	26	0.18	0	Plant	Medium	100.0	2
56.0	44.0	100	27	17	36	20	0.61	0	Plant	Medium	100.0	2
46.0	54.0	100	27	27	22	24	0.469	0	Plant	High	100.0	3
51.0	49.0	100	20	29	31	20	0.254	0	Plant	Low	100.0	1
42.0	58.0	100	29	29	16	26	0.85	0	Plant	Low	100.0	1
53.0	47.0	100	21	26	27	26	0.181	1	Bacteria	High	100.0	3
48.0	52.0	100	26	26	22	26	0.5	1	Human	Medium	100.0	2
50.0	50.0	100	22	28	20	30	0.566	0	Plant	Medium	100.0	2
49.0	51.0	100	26	25	26	23	0.731	0	Virus	Low	100.0	1
48.0	52.0	100	25	27	23	25	0.172	1	Bacteria	Medium	100.0	2
49.0	51.0	100	29	22	26	23	0.922	0	Bacteria	Medium	100.0	2
56.0	44.0	100	18	26	29	27	0.696	1	Plant	High	100.0	3
51.0	49.0	100	24	25	23	28	0.534	0	Plant	High	100.0	3
59.0	41.0	100	17	24	36	23	0.592	1	Human	High	100.0	3
54.0	46.0	100	25	21	24	30	0.518	1	Plant	High	100.0	3
47.0	53.0	100	24	29	19	28	0.222	0	Virus	Low	100.0	1
43.0	57.0	100	24	33	25	18	0.371	0	Human	Low	100.0	1
49.0	51.0	100	27	24	24	25	0.503	1	Bacteria	Low	100.0	1
52.0	48.0	100	23	25	25	27	0.315	1	Plant	Low	100.0	1
57.0	43.0	100	22	21	27	30	0.854	1	Bacteria	Medium	100.0	2
60.0	40.0	100	19	21	28	32	0.72	0	Plant	High	100.0	3
49.0	51.0	100	25	26	23	26	0.171	0	Human	High	100.0	3
37.0	63.0	100	28	35	19	18	0.765	0	Plant	Low	100.0	1
49.0	51.0	100	25	26	31	18	0.977	0	Plant	High	100.0	3
46.0	54.0	100	25	29	30	16	0.75	1	Human	High	100.0	3
55.0	45.0	100	28	17	35	20	0.899	0	Human	Low	100.0	1
63.0	37.0	100	18	19	29	34	0.208	0	Plant	High	100.0	3
43.0	57.0	100	22	35	21	22	0.883	1	Bacteria	High	100.0	3
52.0	48.0	100	25	23	22	30	0.551	1	Plant	High	100.0	3
53.0	47.0	100	26	21	29	24	0.782	0	Virus	Low	100.0	1
55.0	45.0	100	23	22	29	26	0.375	0	Plant	Medium	100.0	2
52.0	48.0	100	19	29	24	28	0.88	1	Bacteria	Medium	100.0	2
55.0	45.0	100	24	21	26	29	0.569	1	Human	High	100.0	3
51.0	49.0	100	27	22	22	29	0.796	0	Plant	Low	100.0	1
49.0	51.0	100	25	26	25	24	0.188	0	Plant	Low	100.0	1
57.0	43.0	100	23	20	29	28	0.711	1	Human	High	100.0	3
43.0	57.0	100	37	20	19	24	0.826	0	Plant	Low	100.0	1
52.0	48.0	100	28	20	32	20	0.749	1	Human	High	100.0	3
53.0	47.0	100	23	24	25	28	0.924	1	Plant	Medium	100.0	2
44.0	56.0	100	24	32	23	21	0.362	0	Virus	High	100.0	3
63.0	37.0	100	13	24	21	42	0.27	0	Bacteria	Medium	100.0	2
53.0	47.0	100	23	24	27	26	0.307	1	Virus	Medium	100.0	2
36.0	64.0	100	25	39	23	13	0.335	1	Human	High	100.0	3
56.0	44.0	100	19	25	22	34	0.223	0	Human	Low	100.0	1
48.0	52.0	100	31	21	22	26	0.124	1	Human	Low	100.0	1
52.0	48.0	100	26	22	28	24	0.892	1	Human	High	100.0	3
59.0	41.0	100	22	19	23	36	0.464	1	Human	Medium	100.0	2
45.0	55.0	100	30	25	27	18	0.231	0	Human	High	100.0	3
50.0	50.0	100	25	25	30	20	0.962	1	Human	Medium	100.0	2
47.0	53.0	100	24	29	25	22	0.998	0	Virus	High	100.0	3
42.0	58.0	100	27	31	21	21	0.312	0	Bacteria	High	100.0	3
46.0	54.0	100	27	27	29	17	0.274	1	Virus	Low	100.0	1
53.0	47.0	100	27	20	32	21	0.634	1	Virus	High	100.0	3
62.0	38.0	100	17	21	32	30	0.534	1	Plant	Medium	100.0	2
53.0	47.0	100	26	21	29	24	0.332	1	Plant	High	100.0	3
50.0	50.0	100	27	23	20	30	0.683	0	Plant	High	100.0	3
43.0	57.0	100	25	32	25	18	0.391	1	Plant	Medium	100.0	2
45.0	55.0	100	36	19	26	19	0.469	1	Bacteria	Low	100.0	1
53.0	47.0	100	20	27	22	31	0.192	1	Virus	Medium	100.0	2
50.0	50.0	100	24	26	25	25	0.567	1	Bacteria	High	100.0	3
44.0	56.0	100	31	25	18	26	0.687	0	Bacteria	Medium	100.0	2
50.0	50.0	100	19	31	23	27	0.315	0	Virus	Medium	100.0	2
45.0	55.0	100	27	28	20	25	0.238	1	Virus	Low	100.0	1
47.0	53.0	100	23	30	22	25	0.916	1	Virus	Low	100.0	1
49.0	51.0	100	23	28	27	22	0.497	0	Virus	High	100.0	3
54.0	46.0	100	17	29	20	34	0.661	1	Bacteria	Medium	100.0	2
52.0	48.0	100	20	28	26	26	0.255	0	Bacteria	High	100.0	3
47.0	53.0	100	36	17	25	22	0.67	1	Plant	High	100.0	3
47.0	53.0	100	21	32	24	23	0.803	1	Human	Low	100.0	1
56.0	44.0	100	23	21	28	28	0.389	1	Human	High	100.0	3
51.0	49.0	100	25	24	25	26	0.413	0	Bacteria	Medium	100.0	2
50.0	50.0	100	25	25	20	30	0.106	1	Virus	High	100.0	3
48.0	52.0	100	30	22	24	24	0.368	0	Bacteria	Low	100.0	1
55.0	45.0	100	24	21	30	25	0.801	1	Virus	Medium	100.0	2
48.0	52.0	100	21	31	26	22	0.948	1	Plant	Low	100.0	1
44.0	56.0	100	29	27	19	25	0.194	1	Bacteria	High	100.0	3
52.0	48.0	100	26	22	21	31	0.961	1	Virus	Medium	100.0	2
42.0	58.0	100	32	26	19	23	0.24	1	Bacteria	High	100.0	3
55.0	45.0	100	22	23	23	32	0.65	0	Human	Medium	100.0	2
45.0	55.0	100	29	26	19	26	0.374	0	Human	Medium	100.0	2
56.0	44.0	100	19	25	25	31	0.598	0	Bacteria	Medium	100.0	2
55.0	45.0	100	25	20	24	31	0.684	1	Human	High	100.0	3
57.0	43.0	100	16	27	29	28	0.48	1	Virus	High	100.0	3
40.0	60.0	100	25	35	19	21	0.408	0	Plant	Medium	100.0	2
48.0	52.0	100	25	27	28	20	0.67	0	Human	High	100.0	3
41.0	59.0	100	37	22	14	27	0.101	0	Virus	Low	100.0	1
50.0	50.0	100	18	32	28	22	0.986	0	Human	High	100.0	3
50.0	50.0	100	27	23	29	21	0.865	0	Virus	Low	100.0	1
48.0	52.0	100	28	24	22	26	0.649	0	Human	Medium	100.0	2
53.0	47.0	100	18	29	30	23	0.683	1	Plant	Medium	100.0	2
47.0	53.0	100	23	30	20	27	0.893	1	Human	Medium	100.0	2
61.0	39.0	100	23	16	27	34	0.642	0	Plant	High	100.0	3
50.0	50.0	100	26	24	25	25	0.523	1	Plant	Low	100.0	1
49.0	51.0	100	24	27	24	25	0.137	1	Bacteria	High	100.0	3
42.0	58.0	100	30	28	14	28	0.743	1	Virus	Medium	100.0	2
53.0	47.0	100	24	23	28	25	0.223	0	Plant	Low	100.0	1
45.0	55.0	100	32	23	20	25	0.905	1	Bacteria	Medium	100.0	2
60.0	40.0	100	19	21	36	24	0.265	0	Human	High	100.0	3
52.0	48.0	100	19	29	28	24	0.458	1	Human	High	100.0	3
44.0	56.0	100	30	26	28	16	0.662	0	Virus	Low	100.0	1
41.0	59.0	100	31	28	21	20	0.323	1	Bacteria	Low	100.0	1
47.0	53.0	100	30	23	23	24	0.516	0	Virus	Medium	100.0	2
47.0	53.0	100	33	20	20	27	0.559	1	Plant	Medium	100.0	2
47.0	53.0	100	29	24	23	24	0.245	1	Human	Low	100.0	1
54.0	46.0	100	23	23	29	25	0.28	0	Human	Medium	100.0	2
44.0	56.0	100	23	33	22	22	0.469	1	Human	Low	100.0	1
55.0	45.0	100	25	20	25	30	0.414	0	Plant	Medium	100.0	2
55.0	45.0	100	22	23	25	30	0.562	0	Plant	High	100.0	3
55.0	45.0	100	21	24	23	32	0.125	1	Bacteria	High	100.0	3
46.0	54.0	100	28	26	24	22	0.977	1	Bacteria	Low	100.0	1
54.0	46.0	100	17	29	26	28	0.849	1	Virus	Low	100.0	1
54.0	46.0	100	22	24	29	25	0.145	1	Virus	Low	100.0	1
61.0	39.0	100	20	19	31	30	0.848	0	Virus	Medium	100.0	2
49.0	51.0	100	30	21	28	21	0.912	1	Bacteria	Low	100.0	1
43.0	57.0	100	28	29	18	25	0.997	1	Human	High	100.0	3
54.0	46.0	100	20	26	22	32	0.561	0	Plant	High	100.0	3
45.0	55.0	100	33	22	19	26	0.969	0	Virus	Medium	100.0	2
49.0	51.0	100	30	21	23	26	0.293	1	Bacteria	Low	100.0	1
59.0	41.0	100	23	18	30	29	0.528	1	Virus	Low	100.0	1
46.0	54.0	100	20	34	24	22	0.94	0	Virus	High	100.0	3
45.0	55.0	100	32	23	18	27	0.174	1	Virus	High	100.0	3
57.0	43.0	100	17	26	34	23	0.193	1	Human	Low	100.0	1
50.0	50.0	100	24	26	26	24	0.562	0	Virus	High	100.0	3
44.0	56.0	100	27	29	19	25	0.441	1	Virus	Low	100.0	1
61.0	39.0	100	27	12	26	35	0.165	1	Human	High	100.0	3
54.0	46.0	100	25	21	22	32	0.482	1	Plant	Low	100.0	1
49.0	51.0	100	21	30	22	27	0.253	1	Bacteria	Low	100.0	1
48.0	52.0	100	21	31	26	22	0.772	1	Plant	Low	100.0	1
49.0	51.0	100	30	21	24	25	0.833	0	Bacteria	High	100.0	3
58.0	42.0	100	19	23	27	31	0.428	1	Virus	Low	100.0	1
53.0	47.0	100	23	24	27	26	0.156	0	Bacteria	Low	100.0	1
55.0	45.0	100	23	22	29	26	0.626	1	Bacteria	High	100.0	3
55.0	45.0	100	20	25	27	28	0.911	1	Bacteria	High	100.0	3
44.0	56.0	100	27	29	16	28	0.709	0	Bacteria	Low	100.0	1
59.0	41.0	100	24	17	34	25	0.504	1	Plant	Medium	100.0	2
51.0	49.0	100	30	19	26	25	0.568	1	Virus	High	100.0	3
50.0	50.0	100	28	22	17	33	0.596	1	Bacteria	High	100.0	3
49.0	51.0	100	20	31	20	29	0.125	0	Bacteria	Medium	100.0	2
52.0	48.0	100	30	18	28	24	0.299	0	Virus	High	100.0	3
54.0	46.0	100	23	23	29	25	0.262	1	Plant	High	100.0	3
48.0	52.0	100	25	27	19	29	0.706	0	Human	Low	100.0	1
51.0	49.0	100	28	21	32	19	0.119	1	Virus	Medium	100.0	2
45.0	55.0	100	27	28	25	20	0.723	0	Virus	Low	100.0	1
42.0	58.0	100	33	25	20	22	0.207	1	Virus	Medium	100.0	2
53.0	47.0	100	19	28	26	27	0.315	0	Plant	Low	100.0	1
47.0	53.0	100	32	21	26	21	0.936	0	Virus	Medium	100.0	2
42.0	58.0	100	26	32	20	22	0.786	1	Plant	Low	100.0	1
41.0	59.0	100	32	27	20	21	0.133	0	Human	High	100.0	3
54.0	46.0	100	23	23	31	23	0.44	0	Human	Medium	100.0	2
45.0	55.0	100	30	25	23	22	0.863	0	Virus	Medium	100.0	2
43.0	57.0	100	29	28	19	24	0.946	0	Human	Low	100.0	1
56.0	44.0	100	23	21	29	27	0.991	1	Human	High	100.0	3
57.0	43.0	100	21	22	22	35	0.961	1	Bacteria	Low	100.0	1
42.0	58.0	100	38	20	16	26	0.874	1	Virus	Medium	100.0	2
42.0	58.0	100	34	24	19	23	0.4	0	Virus	Low	100.0	1
49.0	51.0	100	30	21	20	29	0.111	0	Virus	Low	100.0	1
48.0	52.0	100	29	23	21	27	0.471	0	Bacteria	Low	100.0	1
53.0	47.0	100	25	22	26	27	0.653	1	Bacteria	Medium	100.0	2
53.0	47.0	100	21	26	29	24	0.961	0	Bacteria	Medium	100.0	2
49.0	51.0	100	30	21	22	27	0.107	0	Human	High	100.0	3
44.0	56.0	100	29	27	24	20	0.643	0	Plant	Low	100.0	1
59.0	41.0	100	19	22	28	31	0.292	0	Virus	High	100.0	3
45.0	55.0	100	28	27	23	22	0.488	1	Plant	High	100.0	3
61.0	39.0	100	14	25	33	28	0.664	1	Bacteria	Medium	100.0	2
38.0	62.0	100	31	31	22	16	0.653	1	Virus	Medium	100.0	2
48.0	52.0	100	22	30	23	25	0.713	1	Bacteria	Medium	100.0	2
52.0	48.0	100	24	24	24	28	0.508	1	Plant	High	100.0	3
48.0	52.0	100	27	25	24	24	0.84	1	Plant	Low	100.0	1
34.0	66.0	100	33	33	22	12	0.902	0	Human	Medium	100.0	2
46.0	54.0	100	28	26	21	25	0.642	1	Virus	Low	100.0	1
52.0	48.0	100	20	28	34	18	0.217	1	Virus	Medium	100.0	2
46.0	54.0	100	25	29	17	29	0.871	1	Plant	High	100.0	3
53.0	47.0	100	25	22	25	28	0.948	1	Plant	Medium	100.0	2
45.0	55.0	100	28	27	21	24	0.849	1	Plant	High	100.0	3
62.0	38.0	100	22	16	31	31	0.826	1	Human	Medium	100.0	2
55.0	45.0	100	23	22	33	22	0.371	1	Bacteria	Low	100.0	1
57.0	43.0	100	20	23	21	36	0.978	1	Virus	Low	100.0	1
46.0	54.0	100	23	31	25	21	0.459	1	Human	Low	100.0	1
52.0	48.0	100	24	24	23	29	0.673	0	Plant	Low	100.0	1
48.0	52.0	100	24	28	24	24	0.355	1	Plant	Low	100.0	1
43.0	57.0	100	35	22	18	25	0.551	1	Human	Low	100.0	1
45.0	55.0	100	18	37	26	19	0.203	1	Human	Low	100.0	1
44.0	56.0	100	29	27	21	23	0.737	1	Virus	Medium	100.0	2
54.0	46.0	100	30	16	31	23	0.636	0	Human	Low	100.0	1
44.0	56.0	100	31	25	23	21	0.275	1	Plant	High	100.0	3
42.0	58.0	100	29	29	23	19	0.409	0	Virus	Low	100.0	1
50.0	50.0	100	25	25	25	25	0.264	1	Human	High	100.0	3
50.0	50.0	100	32	18	19	31	0.824	0	Plant	High	100.0	3
43.0	57.0	100	31	26	24	19	0.842	1	Bacteria	Medium	100.0	2
46.0	54.0	100	26	28	22	24	0.419	1	Bacteria	Medium	100.0	2
50.0	50.0	100	23	27	21	29	0.635	1	Plant	Medium	100.0	2
49.0	51.0	100	24	27	28	21	0.392	1	Plant	Low	100.0	1
54.0	46.0	100	15	31	27	27	0.916	0	Human	Medium	100.0	2
54.0	46.0	100	22	24	26	28	0.648	1	Virus	High	100.0	3
55.0	45.0	100	23	22	30	25	0.881	0	Bacteria	High	100.0	3
55.0	45.0	100	28	17	31	24	0.693	1	Plant	High	100.0	3
47.0	53.0	100	31	22	28	19	0.993	0	Bacteria	Low	100.0	1
45.0	55.0	100	19	36	22	23	0.382	0	Plant	Medium	100.0	2
44.0	56.0	100	33	23	22	22	0.215	1	Plant	High	100.0	3
44.0	56.0	100	29	27	23	21	0.517	1	Human	Low	100.0	1
43.0	57.0	100	25	32	23	20	0.225	0	Bacteria	Medium	100.0	2
45.0	55.0	100	29	26	24	21	0.293	0	Plant	Low	100.0	1
53.0	47.0	100	22	25	21	32	0.394	0	Bacteria	High	100.0	3
52.0	48.0	100	23	25	25	27	0.546	0	Bacteria	High	100.0	3
54.0	46.0	100	27	19	24	30	0.645	1	Human	Medium	100.0	2
43.0	57.0	100	37	20	24	19	0.349	0	Virus	High	100.0	3
49.0	51.0	100	20	31	19	30	0.818	0	Plant	High	100.0	3
52.0	48.0	100	25	23	23	29	0.115	1	Human	Medium	100.0	2
54.0	46.0	100	21	25	30	24	0.922	1	Plant	Low	100.0	1
55.0	45.0	100	22	23	29	26	0.471	0	Virus	Medium	100.0	2
52.0	48.0	100	23	25	30	22	0.149	1	Bacteria	High	100.0	3
44.0	56.0	100	28	28	17	27	0.861	0	Plant	Medium	100.0	2
41.0	59.0	100	33	26	23	18	0.974	0	Plant	High	100.0	3
48.0	52.0	100	29	23	24	24	0.246	1	Virus	Low	100.0	1
46.0	54.0	100	23	31	21	25	0.571	0	Human	Low	100.0	1
55.0	45.0	100	21	24	26	29	0.536	0	Plant	High	100.0	3
54.0	46.0	100	24	22	26	28	0.604	1	Virus	Low	100.0	1
52.0	48.0	100	26	22	25	27	0.222	0	Human	Medium	100.0	2
55.0	45.0	100	22	23	27	28	0.335	0	Virus	High	100.0	3
55.0	45.0	100	26	19	28	27	0.387	0	Human	High	100.0	3
53.0	47.0	100	31	16	32	21	0.951	0	Human	Low	100.0	1
60.0	40.0	100	17	23	30	30	0.253	1	Human	High	100.0	3
53.0	47.0	100	21	26	25	28	0.385	0	Plant	Medium	100.0	2
48.0	52.0	100	20	32	20	28	0.498	1	Human	Low	100.0	1
44.0	56.0	100	21	35	18	26	0.193	0	Plant	High	100.0	3
46.0	54.0	100	27	27	16	30	0.252	1	Human	Low	100.0	1
55.0	45.0	100	23	22	26	29	0.89	0	Human	High	100.0	3
46.0	54.0	100	25	29	20	26	0.211	0	Plant	Low	100.0	1
54.0	46.0	100	22	24	34	20	0.43	1	Bacteria	Medium	100.0	2
50.0	50.0	100	27	23	17	33	0.674	1	Bacteria	Medium	100.0	2
46.0	54.0	100	17	37	22	24	0.485	0	Bacteria	Medium	100.0	2
66.0	34.0	100	15	19	33	33	0.378	0	Plant	Medium	100.0	2
36.0	64.0	100	28	36	22	14	0.803	0	Bacteria	Low	100.0	1
51.0	49.0	100	32	17	36	15	0.138	1	Virus	High	100.0	3
58.0	42.0	100	19	23	35	23	0.151	0	Plant	Medium	100.0	2
53.0	47.0	100	22	25	28	25	0.882	0	Human	Low	100.0	1
45.0	55.0	100	26	29	27	18	0.268	1	Human	Low	100.0	1
54.0	46.0	100	22	24	23	31	0.424	0	Virus	Low	100.0	1
45.0	55.0	100	29	26	24	21	0.212	1	Human	Medium	100.0	2
41.0	59.0	100	26	33	17	24	0.311	0	Plant	Low	100.0	1
52.0	48.0	100	22	26	29	23	0.597	0	Plant	Low	100.0	1
50.0	50.0	100	20	30	24	26	0.447	0	Human	Medium	100.0	2
48.0	52.0	100	26	26	31	17	0.111	0	Human	Low	100.0	1
50.0	50.0	100	29	21	21	29	0.804	0	Human	Medium	100.0	2
59.0	41.0	100	26	15	33	26	0.791	0	Plant	Low	100.0	1
59.0	41.0	100	19	22	27	32	0.925	0	Bacteria	Medium	100.0	2
48.0	52.0	100	23	29	16	32	0.502	1	Bacteria	Low	100.0	1
51.0	49.0	100	26	23	27	24	0.97	0	Plant	Low	100.0	1
40.0	60.0	100	30	30	25	15	0.36	1	Virus	Medium	100.0	2
40.0	60.0	100	34	26	20	20	0.369	0	Bacteria	Low	100.0	1
47.0	53.0	100	24	29	21	26	0.919	0	Bacteria	High	100.0	3
59.0	41.0	100	27	14	33	26	0.465	0	Plant	High	100.0	3
59.0	41.0	100	15	26	29	30	0.404	0	Plant	Medium	100.0	2
48.0	52.0	100	24	28	25	23	0.151	1	Virus	High	100.0	3
46.0	54.0	100	26	28	22	24	0.315	1	Plant	Medium	100.0	2
43.0	57.0	100	28	29	18	25	0.57	1	Virus	Medium	100.0	2
57.0	43.0	100	21	22	30	27	0.298	0	Human	Low	100.0	1
49.0	51.0	100	23	28	26	23	0.493	0	Virus	Medium	100.0	2
60.0	40.0	100	16	24	21	39	0.457	0	Human	High	100.0	3
40.0	60.0	100	30	30	19	21	0.438	0	Plant	Low	100.0	1
54.0	46.0	100	22	24	30	24	0.109	1	Virus	Low	100.0	1
56.0	44.0	100	26	18	30	26	0.741	1	Human	High	100.0	3
45.0	55.0	100	34	21	25	20	0.154	0	Plant	High	100.0	3
50.0	50.0	100	32	18	25	25	0.856	0	Plant	High	100.0	3
53.0	47.0	100	17	30	23	30	0.249	1	Plant	Low	100.0	1
52.0	48.0	100	27	21	24	28	0.309	1	Virus	Low	100.0	1
47.0	53.0	100	28	25	23	24	0.582	0	Plant	High	100.0	3
54.0	46.0	100	20	26	31	23	0.93	0	Virus	Medium	100.0	2
58.0	42.0	100	21	21	28	30	0.623	1	Bacteria	Low	100.0	1
51.0	49.0	100	29	20	28	23	0.989	1	Plant	Medium	100.0	2
47.0	53.0	100	20	33	18	29	0.613	1	Plant	High	100.0	3
44.0	56.0	100	29	27	21	23	0.403	1	Bacteria	Medium	100.0	2
45.0	55.0	100	31	24	19	26	0.788	0	Bacteria	High	100.0	3
55.0	45.0	100	20	25	25	30	0.386	0	Plant	High	100.0	3
50.0	50.0	100	25	25	23	27	0.672	0	Human	Low	100.0	1
49.0	51.0	100	22	29	27	22	0.115	1	Bacteria	Medium	100.0	2
41.0	59.0	100	39	20	19	22	0.541	1	Virus	Low	100.0	1
46.0	54.0	100	27	27	22	24	0.461	0	Bacteria	Low	100.0	1
59.0	41.0	100	14	27	26	33	0.403	1	Plant	High	100.0	3
56.0	44.0	100	22	22	28	28	0.335	0	Plant	Low	100.0	1
47.0	53.0	100	28	25	25	22	0.311	0	Plant	Low	100.0	1
42.0	58.0	100	30	28	26	16	0.597	0	Human	High	100.0	3
54.0	46.0	100	25	21	27	27	0.168	1	Human	Medium	100.0	2
59.0	41.0	100	22	19	32	27	0.584	1	Virus	Medium	100.0	2
53.0	47.0	100	26	21	27	26	0.64	0	Human	Medium	100.0	2
46.0	54.0	100	22	32	20	26	0.455	1	Human	Medium	100.0	2
52.0	48.0	100	24	24	21	31	0.154	0	Human	High	100.0	3
54.0	46.0	100	23	23	29	25	0.167	0	Human	Low	100.0	1
56.0	44.0	100	26	18	28	28	0.954	0	Plant	Medium	100.0	2
52.0	48.0	100	23	25	26	26	0.87	1	Human	Medium	100.0	2
49.0	51.0	100	31	20	29	20	0.362	1	Plant	Low	100.0	1
52.0	48.0	100	25	23	23	29	0.99	0	Human	Low	100.0	1
49.0	51.0	100	30	21	30	19	0.51	1	Human	High	100.0	3
39.0	61.0	100	31	30	25	14	0.388	0	Virus	High	100.0	3
65.0	35.0	100	24	11	29	36	0.254	1	Human	Medium	100.0	2
42.0	58.0	100	36	22	24	18	0.772	1	Plant	High	100.0	3
59.0	41.0	100	17	24	42	17	0.919	0	Plant	High	100.0	3
50.0	50.0	100	23	27	24	26	0.169	1	Human	High	100.0	3
53.0	47.0	100	21	26	25	28	0.467	1	Virus	High	100.0	3
53.0	47.0	100	27	20	31	22	0.149	0	Plant	Medium	100.0	2
43.0	57.0	100	34	23	21	22	0.666	1	Human	Medium	100.0	2
53.0	47.0	100	26	21	27	26	0.3	1	Bacteria	High	100.0	3
55.0	45.0	100	25	20	29	26	0.813	0	Bacteria	Medium	100.0	2
48.0	52.0	100	22	30	27	21	0.635	0	Plant	High	100.0	3
48.0	52.0	100	26	26	31	17	0.34	1	Plant	Low	100.0	1
51.0	49.0	100	23	26	23	28	0.393	0	Bacteria	High	100.0	3
56.0	44.0	100	27	17	31	25	0.376	0	Plant	Low	100.0	1
49.0	51.0	100	26	25	22	27	0.605	1	Virus	High	100.0	3
47.0	53.0	100	23	30	19	28	0.725	0	Bacteria	Low	100.0	1
51.0	49.0	100	30	19	31	20	0.469	1	Plant	High	100.0	3
48.0	52.0	100	28	24	21	27	0.44	1	Human	High	100.0	3
43.0	57.0	100	28	29	27	16	0.708	1	Virus	High	100.0	3
50.0	50.0	100	23	27	26	24	0.631	1	Plant	Medium	100.0	2
48.0	52.0	100	27	25	30	18	0.745	1	Virus	Low	100.0	1
55.0	45.0	100	18	27	27	28	0.19	1	Plant	Medium	100.0	2
53.0	47.0	100	27	20	26	27	0.915	0	Bacteria	Medium	100.0	2
41.0	59.0	100	26	33	20	21	0.273	1	Virus	Low	100.0	1
56.0	44.0	100	21	23	26	30	0.97	0	Plant	Medium	100.0	2
45.0	55.0	100	27	28	22	23	0.697	1	Bacteria	High	100.0	3
50.0	50.0	100	27	23	26	24	0.453	1	Bacteria	High	100.0	3
53.0	47.0	100	25	22	29	24	0.519	0	Virus	High	100.0	3
47.0	53.0	100	24	29	21	26	0.271	1	Plant	Medium	100.0	2
53.0	47.0	100	19	28	25	28	0.662	1	Human	Medium	100.0	2
49.0	51.0	100	23	28	22	27	0.576	1	Human	High	100.0	3
51.0	49.0	100	20	29	34	17	0.188	1	Plant	High	100.0	3
49.0	51.0	100	24	27	22	27	0.649	0	Virus	Medium	100.0	2
57.0	43.0	100	21	22	28	29	0.299	1	Bacteria	High	100.0	3
54.0	46.0	100	18	28	23	31	0.737	0	Virus	Low	100.0	1
41.0	59.0	100	29	30	23	18	0.521	1	Virus	Low	100.0	1
42.0	58.0	100	28	30	22	20	0.163	1	Human	High	100.0	3
55.0	45.0	100	18	27	29	26	0.78	1	Bacteria	High	100.0	3
51.0	49.0	100	29	20	27	24	0.816	1	Human	Medium	100.0	2
43.0	57.0	100	22	35	25	18	0.456	0	Virus	Low	100.0	1
49.0	51.0	100	30	21	19	30	0.108	0	Plant	High	100.0	3
46.0	54.0	100	20	34	24	22	0.334	1	Human	High	100.0	3
52.0	48.0	100	25	23	26	26	0.717	0	Bacteria	Medium	100.0	2
51.0	49.0	100	28	21	28	23	0.544	0	Human	Medium	100.0	2
51.0	49.0	100	26	23	25	26	0.308	1	Plant	High	100.0	3
47.0	53.0	100	26	27	18	29	0.591	0	Virus	High	100.0	3
54.0	46.0	100	22	24	23	31	0.559	0	Virus	Low	100.0	1
46.0	54.0	100	26	28	21	25	0.497	0	Plant	Medium	100.0	2
54.0	46.0	100	22	24	25	29	0.967	1	Plant	Medium	100.0	2
49.0	51.0	100	24	27	24	25	0.385	1	Virus	Medium	100.0	2
45.0	55.0	100	31	24	23	22	0.485	1	Human	Low	100.0	1
47.0	53.0	100	26	27	25	22	0.6	1	Bacteria	Low	100.0	1
50.0	50.0	100	28	22	25	25	0.278	1	Human	High	100.0	3
47.0	53.0	100	32	21	30	17	0.531	0	Plant	Low	100.0	1
46.0	54.0	100	24	30	23	23	0.901	0	Virus	High	100.0	3
48.0	52.0	100	22	30	22	26	0.807	1	Bacteria	Medium	100.0	2
56.0	44.0	100	27	17	34	22	0.988	1	Virus	Medium	100.0	2
51.0	49.0	100	22	27	27	24	0.426	1	Bacteria	Low	100.0	1
56.0	44.0	100	27	17	31	25	0.954	0	Bacteria	High	100.0	3
44.0	56.0	100	30	26	26	18	0.195	1	Human	Medium	100.0	2
51.0	49.0	100	26	23	25	26	0.851	0	Virus	Medium	100.0	2
53.0	47.0	100	26	21	26	27	0.659	0	Bacteria	Low	100.0	1
64.0	36.0	100	21	15	33	31	0.274	1	Plant	Medium	100.0	2
59.0	41.0	100	24	17	31	28	0.634	1	Bacteria	High	100.0	3
53.0	47.0	100	23	24	24	29	0.42	0	Bacteria	Medium	100.0	2
50.0	50.0	100	28	22	23	27	0.728	0	Bacteria	High	100.0	3
48.0	52.0	100	22	30	20	28	0.487	0	Human	High	100.0	3
50.0	50.0	100	25	25	25	25	0.64	1	Virus	High	100.0	3
53.0	47.0	100	21	26	31	22	0.581	1	Virus	High	100.0	3
54.0	46.0	100	24	22	23	31	0.314	0	Human	Low	100.0	1
53.0	47.0	100	24	23	33	20	0.98	0	Plant	Low	100.0	1
52.0	48.0	100	27	21	22	30	0.579	1	Bacteria	Low	100.0	1
47.0	53.0	100	30	23	21	26	0.758	1	Bacteria	Low	100.0	1
48.0	52.0	100	27	25	23	25	0.171	0	Virus	High	100.0	3
42.0	58.0	100	32	26	17	25	0.909	0	Virus	Medium	100.0	2
51.0	49.0	100	21	28	18	33	0.482	0	Virus	Low	100.0	1
51.0	49.0	100	18	31	30	21	0.878	0	Plant	Low	100.0	1
55.0	45.0	100	23	22	29	26	0.309	1	Human	High	100.0	3
50.0	50.0	100	20	30	29	21	0.888	0	Plant	High	100.0	3
48.0	52.0	100	22	30	27	21	0.884	0	Bacteria	Medium	100.0	2
46.0	54.0	100	29	25	21	25	0.326	0	Bacteria	High	100.0	3
52.0	48.0	100	25	23	25	27	0.382	0	Human	Medium	100.0	2
57.0	43.0	100	24	19	36	21	0.244	1	Human	Medium	100.0	2
50.0	50.0	100	24	26	25	25	0.489	1	Human	Medium	100.0	2
51.0	49.0	100	24	25	29	22	0.306	0	Plant	Medium	100.0	2
54.0	46.0	100	20	26	20	34	0.248	1	Human	Low	100.0	1
55.0	45.0	100	24	21	23	32	0.72	0	Plant	Medium	100.0	2
48.0	52.0	100	24	28	27	21	0.923	1	Virus	Medium	100.0	2
45.0	55.0	100	31	24	22	23	0.226	1	Virus	Low	100.0	1
45.0	55.0	100	25	30	25	20	0.293	1	Human	High	100.0	3
39.0	61.0	100	30	31	20	19	0.409	1	Bacteria	Low	100.0	1
59.0	41.0	100	17	24	30	29	0.629	0	Human	Low	100.0	1
49.0	51.0	100	25	26	28	21	0.366	0	Virus	High	100.0	3
43.0	57.0	100	31	26	13	30	0.439	1	Virus	Low	100.0	1
52.0	48.0	100	24	24	26	26	0.195	1	Plant	Medium	100.0	2
40.0	60.0	100	27	33	26	14	0.23	0	Virus	Medium	100.0	2
52.0	48.0	100	23	25	25	27	0.771	0	Virus	Medium	100.0	2
44.0	56.0	100	28	28	23	21	0.39	1	Bacteria	Low	100.0	1
53.0	47.0	100	26	21	21	32	0.69	1	Bacteria	Low	100.0	1
50.0	50.0	100	26	24	23	27	0.405	1	Virus	Medium	100.0	2
50.0	50.0	100	27	23	26	24	0.432	1	Plant	High	100.0	3
44.0	56.0	100	26	30	21	23	0.269	0	Plant	High	100.0	3
58.0	42.0	100	21	21	28	30	0.463	0	Plant	Medium	100.0	2
40.0	60.0	100	34	26	15	25	0.303	0	Human	Low	100.0	1
54.0	46.0	100	23	23	27	27	0.572	1	Human	Medium	100.0	2
51.0	49.0	100	26	23	32	19	0.868	1	Plant	High	100.0	3
48.0	52.0	100	26	26	21	27	0.239	0	Plant	Low	100.0	1
53.0	47.0	100	18	29	29	24	0.494	1	Virus	Medium	100.0	2
49.0	51.0	100	31	20	21	28	0.142	1	Plant	High	100.0	3
48.0	52.0	100	20	32	24	24	0.454	1	Human	Low	100.0	1
43.0	57.0	100	28	29	23	20	0.121	1	Plant	High	100.0	3
51.0	49.0	100	27	22	26	25	0.792	0	Virus	Low	100.0	1
46.0	54.0	100	23	31	22	24	0.178	1	Human	Medium	100.0	2
50.0	50.0	100	26	24	30	20	0.802	0	Plant	Medium	100.0	2
39.0	61.0	100	33	28	20	19	0.543	0	Human	High	100.0	3
55.0	45.0	100	24	21	25	30	0.239	0	Virus	High	100.0	3
54.0	46.0	100	22	24	29	25	0.323	0	Bacteria	Low	100.0	1
53.0	47.0	100	23	24	15	38	0.693	1	Bacteria	Medium	100.0	2
50.0	50.0	100	23	27	30	20	0.743	1	Plant	Low	100.0	1
55.0	45.0	100	23	22	27	28	0.197	1	Bacteria	Medium	100.0	2
47.0	53.0	100	23	30	29	18	0.572	0	Plant	High	100.0	3
52.0	48.0	100	31	17	28	24	0.337	0	Human	Medium	100.0	2
49.0	51.0	100	28	23	17	32	0.41	0	Plant	High	100.0	3
53.0	47.0	100	21	26	28	25	0.342	0	Human	Low	100.0	1
55.0	45.0	100	24	21	37	18	0.578	1	Virus	Medium	100.0	2
56.0	44.0	100	20	24	27	29	0.319	0	Human	High	100.0	3
47.0	53.0	100	26	27	27	20	0.359	1	Plant	High	100.0	3
51.0	49.0	100	29	20	18	33	0.907	0	Plant	High	100.0	3
51.0	49.0	100	23	26	29	22	0.466	0	Virus	Medium	100.0	2
45.0	55.0	100	29	26	31	14	0.765	1	Plant	Medium	100.0	2
44.0	56.0	100	29	27	21	23	0.116	1	Bacteria	Medium	100.0	2
46.0	54.0	100	30	24	17	29	0.841	1	Plant	High	100.0	3
51.0	49.0	100	23	26	27	24	0.531	0	Virus	High	100.0	3
44.0	56.0	100	29	27	28	16	0.609	1	Bacteria	Low	100.0	1
51.0	49.0	100	26	23	22	29	0.888	0	Human	High	100.0	3
46.0	54.0	100	28	26	27	19	0.47	1	Bacteria	Low	100.0	1
50.0	50.0	100	21	29	29	21	0.925	1	Bacteria	Low	100.0	1
50.0	50.0	100	23	27	24	26	0.211	1	Bacteria	Medium	100.0	2
49.0	51.0	100	28	23	28	21	0.698	0	Virus	High	100.0	3
48.0	52.0	100	23	29	29	19	0.851	0	Bacteria	Low	100.0	1
52.0	48.0	100	26	22	31	21	0.663	0	Human	High	100.0	3
54.0	46.0	100	29	17	30	24	0.989	1	Bacteria	Low	100.0	1
52.0	48.0	100	24	24	31	21	0.45	1	Plant	Medium	100.0	2
52.0	48.0	100	22	26	27	25	0.49	0	Virus	Low	100.0	1
47.0	53.0	100	28	25	26	21	0.151	0	Bacteria	High	100.0	3
49.0	51.0	100	24	27	22	27	0.996	0	Bacteria	Medium	100.0	2
49.0	51.0	100	24	27	26	23	0.986	0	Human	Low	100.0	1
53.0	47.0	100	25	22	23	30	0.26	0	Virus	Low	100.0	1
42.0	58.0	100	33	25	20	22	0.791	0	Bacteria	High	100.0	3
43.0	57.0	100	28	29	20	23	0.836	1	Bacteria	High	100.0	3
48.0	52.0	100	28	24	21	27	0.653	1	Plant	High	100.0	3
58.0	42.0	100	22	20	26	32	0.632	1	Human	Low	100.0	1
53.0	47.0	100	25	22	25	28	0.241	0	Bacteria	Low	100.0	1
43.0	57.0	100	19	38	19	24	0.682	1	Human	Medium	100.0	2
54.0	46.0	100	21	25	29	25	0.273	0	Bacteria	Low	100.0	1
45.0	55.0	100	24	31	20	25	0.283	1	Bacteria	Low	100.0	1
40.0	60.0	100	35	25	20	20	0.532	0	Plant	Medium	100.0	2
55.0	45.0	100	26	19	26	29	0.684	0	Virus	Low	100.0	1
59.0	41.0	100	23	18	25	34	0.147	1	Plant	Medium	100.0	2
46.0	54.0	100	28	26	21	25	0.959	1	Plant	Low	100.0	1
47.0	53.0	100	23	30	26	21	0.756	1	Bacteria	Low	100.0	1
44.0	56.0	100	23	33	21	23	0.177	1	Virus	Medium	100.0	2
61.0	39.0	100	23	16	19	42	0.795	1	Virus	High	100.0	3
50.0	50.0	100	22	28	22	28	0.288	1	Virus	Low	100.0	1
48.0	52.0	100	29	23	21	27	0.706	1	Plant	High	100.0	3
47.0	53.0	100	29	24	28	19	0.514	1	Human	Low	100.0	1
56.0	44.0	100	26	18	27	29	0.463	0	Bacteria	Medium	100.0	2
47.0	53.0	100	25	28	20	27	0.1	1	Virus	Low	100.0	1
47.0	53.0	100	22	31	25	22	0.887	1	Virus	Medium	100.0	2
48.0	52.0	100	28	24	20	28	0.421	1	Bacteria	High	100.0	3
54.0	46.0	100	22	24	25	29	0.212	0	Plant	High	100.0	3
57.0	43.0	100	19	24	32	25	0.417	1	Virus	Medium	100.0	2
48.0	52.0	100	21	31	24	24	0.672	1	Bacteria	Medium	100.0	2
49.0	51.0	100	24	27	20	29	0.1	0	Plant	Low	100.0	1
50.0	50.0	100	24	26	19	31	0.578	1	Virus	High	100.0	3
42.0	58.0	100	28	30	20	22	0.465	1	Human	High	100.0	3
50.0	50.0	100	31	19	32	18	0.359	0	Virus	High	100.0	3
45.0	55.0	100	34	21	21	24	0.257	0	Virus	Medium	100.0	2
50.0	50.0	100	28	22	28	22	0.465	1	Human	Low	100.0	1
50.0	50.0	100	30	20	28	22	0.755	0	Virus	Low	100.0	1
54.0	46.0	100	25	21	27	27	0.854	0	Bacteria	High	100.0	3
54.0	46.0	100	25	21	32	22	0.525	1	Virus	Low	100.0	1
48.0	52.0	100	25	27	23	25	0.677	1	Virus	Low	100.0	1
47.0	53.0	100	25	28	26	21	0.5	0	Human	Low	100.0	1
53.0	47.0	100	23	24	28	25	0.112	0	Bacteria	Low	100.0	1
54.0	46.0	100	25	21	25	29	0.896	0	Human	High	100.0	3
55.0	45.0	100	20	25	29	26	0.102	0	Human	Low	100.0	1
49.0	51.0	100	30	21	25	24	0.687	1	Bacteria	High	100.0	3
50.0	50.0	100	25	25	22	28	0.388	0	Plant	Medium	100.0	2
46.0	54.0	100	33	21	26	20	0.284	0	Plant	Low	100.0	1
46.0	54.0	100	27	27	18	28	0.967	1	Human	Low	100.0	1
54.0	46.0	100	23	23	28	26	0.189	1	Human	Medium	100.0	2
53.0	47.0	100	21	26	27	26	0.914	0	Bacteria	High	100.0	3
42.0	58.0	100	29	29	19	23	0.243	0	Bacteria	Medium	100.0	2
57.0	43.0	100	24	19	28	29	0.811	1	Virus	Low	100.0	1
52.0	48.0	100	21	27	24	28	0.188	0	Bacteria	High	100.0	3
49.0	51.0	100	26	25	25	24	0.12	0	Bacteria	Medium	100.0	2
43.0	57.0	100	31	26	17	26	0.136	0	Human	Medium	100.0	2
44.0	56.0	100	21	35	16	28	0.48	0	Plant	High	100.0	3
46.0	54.0	100	24	30	22	24	0.67	1	Human	Medium	100.0	2
43.0	57.0	100	30	27	20	23	0.797	1	Human	Low	100.0	1
49.0	51.0	100	22	29	25	24	0.626	1	Plant	Medium	100.0	2
43.0	57.0	100	21	36	17	26	0.6	0	Human	Low	100.0	1
54.0	46.0	100	20	26	31	23	0.149	1	Plant	High	100.0	3
53.0	47.0	100	26	21	29	24	0.975	1	Plant	Medium	100.0	2
53.0	47.0	100	25	22	33	20	0.763	0	Bacteria	Medium	100.0	2
53.0	47.0	100	25	22	23	30	0.419	1	Human	Low	100.0	1
50.0	50.0	100	27	23	28	22	0.618	0	Human	Medium	100.0	2
59.0	41.0	100	24	17	28	31	0.363	0	Human	Low	100.0	1
40.0	60.0	100	31	29	20	20	0.484	0	Bacteria	Medium	100.0	2
56.0	44.0	100	24	20	31	25	0.476	0	Bacteria	Low	100.0	1
51.0	49.0	100	28	21	23	28	0.134	0	Bacteria	Medium	100.0	2
50.0	50.0	100	28	22	24	26	0.491	0	Plant	Medium	100.0	2
53.0	47.0	100	29	18	23	30	0.56	1	Human	Low	100.0	1
46.0	54.0	100	30	24	21	25	0.892	0	Human	Low	100.0	1
42.0	58.0	100	27	31	20	22	0.507	0	Virus	High	100.0	3
54.0	46.0	100	18	28	27	27	0.442	1	Bacteria	Low	100.0	1
55.0	45.0	100	25	20	26	29	0.617	1	Human	High	100.0	3
59.0	41.0	100	18	23	33	26	0.122	0	Virus	Low	100.0	1
51.0	49.0	100	26	23	25	26	0.336	1	Plant	Medium	100.0	2
41.0	59.0	100	26	33	26	15	0.346	0	Bacteria	Medium	100.0	2
49.0	51.0	100	29	22	23	26	0.225	1	Bacteria	Low	100.0	1
51.0	49.0	100	17	32	29	22	0.16	0	Plant	Low	100.0	1
48.0	52.0	100	26	26	25	23	0.852	0	Bacteria	High	100.0	3
56.0	44.0	100	17	27	30	26	0.327	0	Virus	Low	100.0	1
56.0	44.0	100	21	23	30	26	0.926	1	Bacteria	Medium	100.0	2
51.0	49.0	100	29	20	26	25	0.123	0	Human	Medium	100.0	2
45.0	55.0	100	25	30	23	22	0.449	1	Plant	High	100.0	3
56.0	44.0	100	24	20	24	32	0.925	0	Plant	High	100.0	3
55.0	45.0	100	19	26	30	25	0.56	1	Plant	High	100.0	3
46.0	54.0	100	24	30	25	21	0.979	1	Bacteria	Low	100.0	1
50.0	50.0	100	28	22	22	28	0.268	0	Bacteria	High	100.0	3
51.0	49.0	100	28	21	27	24	0.37	1	Bacteria	High	100.0	3
52.0	48.0	100	26	22	30	22	0.56	0	Plant	High	100.0	3
51.0	49.0	100	23	26	22	29	0.736	1	Plant	Medium	100.0	2
55.0	45.0	100	22	23	22	33	0.458	0	Plant	Medium	100.0	2
54.0	46.0	100	18	28	33	21	0.539	0	Virus	High	100.0	3
43.0	57.0	100	26	31	16	27	0.37	0	Bacteria	Low	100.0	1
51.0	49.0	100	25	24	29	22	0.811	1	Human	High	100.0	3
54.0	46.0	100	29	17	31	23	0.414	0	Bacteria	Low	100.0	1
48.0	52.0	100	29	23	19	29	0.3	1	Bacteria	Low	100.0	1
45.0	55.0	100	28	27	17	28	0.969	1	Plant	Medium	100.0	2
54.0	46.0	100	24	22	31	23	0.524	0	Virus	Medium	100.0	2
47.0	53.0	100	30	23	26	21	0.32	1	Virus	Low	100.0	1
53.0	47.0	100	25	22	28	25	0.549	0	Human	Medium	100.0	2
51.0	49.0	100	25	24	23	28	0.191	0	Plant	Low	100.0	1
46.0	54.0	100	27	27	21	25	0.314	0	Bacteria	High	100.0	3
46.0	54.0	100	28	26	25	21	0.729	1	Virus	Medium	100.0	2
49.0	51.0	100	27	24	20	29	0.28	1	Plant	High	100.0	3
48.0	52.0	100	32	20	27	21	0.88	1	Plant	Low	100.0	1
45.0	55.0	100	27	28	22	23	0.851	0	Human	Low	100.0	1
47.0	53.0	100	23	30	24	23	0.586	1	Human	Low	100.0	1
53.0	47.0	100	18	29	27	26	0.215	1	Plant	High	100.0	3
56.0	44.0	100	24	20	28	28	0.736	1	Plant	Medium	100.0	2
48.0	52.0	100	22	30	26	22	0.71	1	Human	High	100.0	3
54.0	46.0	100	23	23	31	23	0.978	1	Bacteria	Medium	100.0	2
59.0	41.0	100	20	21	26	33	0.201	0	Human	Low	100.0	1
47.0	53.0	100	24	29	22	25	0.335	1	Human	Medium	100.0	2
49.0	51.0	100	29	22	26	23	0.134	0	Virus	Medium	100.0	2
51.0	49.0	100	25	24	32	19	0.934	0	Bacteria	Medium	100.0	2
50.0	50.0	100	23	27	17	33	0.225	1	Human	Medium	100.0	2
45.0	55.0	100	23	32	25	20	0.458	1	Virus	Low	100.0	1
52.0	48.0	100	23	25	20	32	0.37	0	Virus	Low	100.0	1
51.0	49.0	100	23	26	26	25	0.907	0	Virus	Low	100.0	1
49.0	51.0	100	26	25	19	30	0.934	1	Human	Low	100.0	1
50.0	50.0	100	22	28	26	24	0.231	1	Virus	Low	100.0	1
46.0	54.0	100	31	23	27	19	0.566	0	Bacteria	Low	100.0	1
51.0	49.0	100	29	20	22	29	0.173	1	Bacteria	Low	100.0	1
52.0	48.0	100	23	25	23	29	0.111	0	Human	Medium	100.0	2
60.0	40.0	100	23	17	32	28	0.143	0	Bacteria	High	100.0	3
46.0	54.0	100	29	25	23	23	0.454	1	Human	Medium	100.0	2
47.0	53.0	100	21	32	23	24	0.168	0	Bacteria	Medium	100.0	2
54.0	46.0	100	26	20	22	32	0.226	0	Human	High	100.0	3
46.0	54.0	100	24	30	20	26	0.678	1	Plant	Low	100.0	1
45.0	55.0	100	34	21	25	20	0.129	0	Virus	Low	100.0	1
44.0	56.0	100	28	28	25	19	0.238	0	Plant	High	100.0	3
52.0	48.0	100	29	19	24	28	0.511	0	Bacteria	High	100.0	3
51.0	49.0	100	26	23	20	31	0.907	1	Plant	High	100.0	3
58.0	42.0	100	19	23	28	30	0.864	0	Plant	Low	100.0	1
44.0	56.0	100	22	34	21	23	0.14	0	Human	Low	100.0	1
48.0	52.0	100	31	21	23	25	0.33	0	Plant	High	100.0	3
51.0	49.0	100	24	25	29	22	0.507	1	Plant	High	100.0	3
54.0	46.0	100	29	17	24	30	0.906	0	Plant	High	100.0	3
49.0	51.0	100	25	26	23	26	0.345	1	Virus	Medium	100.0	2
49.0	51.0	100	20	31	23	26	0.278	1	Human	High	100.0	3
45.0	55.0	100	28	27	21	24	0.968	0	Bacteria	Medium	100.0	2
49.0	51.0	100	23	28	30	19	0.414	1	Plant	Medium	100.0	2
44.0	56.0	100	29	27	21	23	0.414	1	Virus	High	100.0	3
56.0	44.0	100	25	19	30	26	0.628	1	Human	High	100.0	3
45.0	55.0	100	28	27	23	22	0.384	0	Plant	Low	100.0	1
50.0	50.0	100	25	25	24	26	0.337	0	Plant	Medium	100.0	2
57.0	43.0	100	20	23	29	28	0.817	1	Human	Low	100.0	1
48.0	52.0	100	23	29	27	21	0.411	1	Virus	Medium	100.0	2
41.0	59.0	100	31	28	18	23	0.547	0	Human	High	100.0	3
50.0	50.0	100	25	25	25	25	0.642	1	Plant	Low	100.0	1
45.0	55.0	100	32	23	18	27	0.726	0	Plant	Low	100.0	1
49.0	51.0	100	26	25	23	26	0.795	0	Plant	Low	100.0	1
54.0	46.0	100	26	20	27	27	0.169	0	Human	High	100.0	3
53.0	47.0	100	24	23	27	26	0.33	0	Bacteria	High	100.0	3
56.0	44.0	100	22	22	31	25	0.458	1	Virus	Low	100.0	1
53.0	47.0	100	19	28	29	24	0.914	0	Virus	High	100.0	3
46.0	54.0	100	25	29	22	24	0.914	1	Virus	Medium	100.0	2
57.0	43.0	100	19	24	28	29	0.864	0	Virus	Medium	100.0	2
43.0	57.0	100	31	26	23	20	0.807	1	Bacteria	Medium	100.0	2
49.0	51.0	100	21	30	26	23	0.622	0	Plant	Low	100.0	1
59.0	41.0	100	22	19	32	27	0.566	1	Human	Low	100.0	1
43.0	57.0	100	27	30	16	27	0.475	0	Human	High	100.0	3
44.0	56.0	100	25	31	24	20	0.722	1	Human	Medium	100.0	2
58.0	42.0	100	19	23	31	27	0.5	1	Virus	Low	100.0	1
40.0	60.0	100	27	33	22	18	0.467	0	Plant	High	100.0	3
47.0	53.0	100	22	31	33	14	0.376	1	Plant	High	100.0	3
48.0	52.0	100	30	22	27	21	0.385	0	Virus	High	100.0	3
48.0	52.0	100	30	22	22	26	0.924	1	Human	Medium	100.0	2
52.0	48.0	100	25	23	31	21	0.654	0	Bacteria	Medium	100.0	2
52.0	48.0	100	27	21	33	19	0.377	0	Virus	High	100.0	3
54.0	46.0	100	27	19	31	23	0.383	0	Plant	Low	100.0	1
45.0	55.0	100	23	32	25	20	0.181	1	Bacteria	High	100.0	3
60.0	40.0	100	22	18	31	29	0.852	1	Human	Medium	100.0	2
48.0	52.0	100	27	25	21	27	0.682	0	Virus	Medium	100.0	2
53.0	47.0	100	21	26	24	29	0.436	1	Human	Medium	100.0	2
42.0	58.0	100	28	30	20	22	0.528	1	Human	Medium	100.0	2
51.0	49.0	100	24	25	26	25	0.916	0	Bacteria	High	100.0	3
52.0	48.0	100	28	20	28	24	0.635	0	Bacteria	High	100.0	3
53.0	47.0	100	28	19	24	29	0.938	1	Human	Low	100.0	1
52.0	48.0	100	27	21	18	34	0.72	0	Human	High	100.0	3
46.0	54.0	100	25	29	21	25	0.168	0	Virus	Medium	100.0	2
50.0	50.0	100	27	23	24	26	0.314	0	Bacteria	Low	100.0	1
48.0	52.0	100	26	26	21	27	0.842	1	Virus	Medium	100.0	2
51.0	49.0	100	24	25	24	27	0.424	0	Human	High	100.0	3
52.0	48.0	100	26	22	32	20	0.975	0	Bacteria	Medium	100.0	2
50.0	50.0	100	31	19	26	24	0.473	0	Human	High	100.0	3
53.0	47.0	100	20	27	26	27	0.124	0	Virus	Medium	100.0	2
57.0	43.0	100	23	20	25	32	0.988	1	Human	Medium	100.0	2
45.0	55.0	100	27	28	20	25	0.184	1	Bacteria	Low	100.0	1
47.0	53.0	100	26	27	25	22	0.292	1	Bacteria	Medium	100.0	2
55.0	45.0	100	21	24	19	36	0.145	0	Human	Medium	100.0	2
45.0	55.0	100	25	30	27	18	0.726	1	Bacteria	Low	100.0	1
46.0	54.0	100	35	19	20	26	0.431	0	Bacteria	Medium	100.0	2
53.0	47.0	100	26	21	24	29	0.421	0	Human	Low	100.0	1
40.0	60.0	100	30	30	27	13	0.626	1	Bacteria	Low	100.0	1
38.0	62.0	100	29	33	19	19	0.86	1	Virus	Medium	100.0	2
57.0	43.0	100	24	19	25	32	0.341	0	Human	Medium	100.0	2
54.0	46.0	100	28	18	29	25	0.836	0	Virus	High	100.0	3
48.0	52.0	100	22	30	26	22	0.275	0	Human	Medium	100.0	2
56.0	44.0	100	24	20	27	29	0.753	0	Human	Low	100.0	1
49.0	51.0	100	30	21	29	20	0.584	0	Plant	Medium	100.0	2
51.0	49.0	100	25	24	27	24	0.473	1	Bacteria	High	100.0	3
55.0	45.0	100	21	24	29	26	0.763	0	Virus	High	100.0	3
50.0	50.0	100	29	21	22	28	0.278	1	Bacteria	High	100.0	3
46.0	54.0	100	23	31	27	19	0.161	1	Bacteria	Low	100.0	1
52.0	48.0	100	25	23	24	28	0.422	0	Virus	Low	100.0	1
49.0	51.0	100	18	33	25	24	0.322	0	Human	High	100.0	3
57.0	43.0	100	16	27	30	27	0.28	1	Human	Low	100.0	1
53.0	47.0	100	26	21	24	29	0.544	0	Human	Medium	100.0	2
50.0	50.0	100	21	29	20	30	0.852	1	Virus	Medium	100.0	2
51.0	49.0	100	22	27	22	29	0.689	1	Plant	Medium	100.0	2
40.0	60.0	100	25	35	20	20	0.434	0	Human	Low	100.0	1
43.0	57.0	100	32	25	21	22	0.372	0	Virus	High	100.0	3
50.0	50.0	100	20	30	28	22	0.498	1	Human	High	100.0	3
54.0	46.0	100	21	25	28	26	0.327	0	Human	High	100.0	3
42.0	58.0	100	32	26	22	20	0.169	0	Plant	High	100.0	3
54.0	46.0	100	22	24	30	24	0.613	1	Plant	Low	100.0	1
49.0	51.0	100	25	26	27	22	0.521	1	Plant	Low	100.0	1
55.0	45.0	100	23	22	30	25	0.834	1	Virus	High	100.0	3
57.0	43.0	100	17	26	28	29	0.349	1	Bacteria	High	100.0	3
56.0	44.0	100	19	25	28	28	0.698	1	Human	Medium	100.0	2
43.0	57.0	100	23	34	20	23	0.632	1	Virus	High	100.0	3
62.0	38.0	100	20	18	34	28	0.192	0	Virus	Medium	100.0	2
46.0	54.0	100	27	27	25	21	0.35	1	Plant	Low	100.0	1
43.0	57.0	100	29	28	22	21	0.333	1	Bacteria	High	100.0	3
53.0	47.0	100	22	25	24	29	0.503	0	Virus	Medium	100.0	2
55.0	45.0	100	29	16	30	25	0.623	0	Human	High	100.0	3
51.0	49.0	100	28	21	27	24	0.119	0	Plant	High	100.0	3
50.0	50.0	100	30	20	23	27	0.598	0	Plant	Low	100.0	1
57.0	43.0	100	17	26	30	27	0.125	0	Virus	High	100.0	3
45.0	55.0	100	33	22	21	24	0.718	1	Virus	Medium	100.0	2
59.0	41.0	100	25	16	24	35	0.455	0	Human	Medium	100.0	2
50.0	50.0	100	21	29	25	25	0.218	1	Human	Medium	100.0	2
45.0	55.0	100	23	32	21	24	0.971	1	Plant	High	100.0	3
41.0	59.0	100	24	35	24	17	0.277	0	Plant	Low	100.0	1
53.0	47.0	100	19	28	22	31	0.314	0	Human	Low	100.0	1
55.0	45.0	100	22	23	29	26	0.497	0	Virus	Low	100.0	1
47.0	53.0	100	22	31	25	22	0.373	1	Plant	High	100.0	3
51.0	49.0	100	24	25	28	23	0.446	1	Human	Medium	100.0	2
57.0	43.0	100	21	22	30	27	0.627	0	Virus	High	100.0	3
50.0	50.0	100	26	24	25	25	0.601	0	Plant	Medium	100.0	2
50.0	50.0	100	21	29	30	20	0.944	1	Human	High	100.0	3
60.0	40.0	100	18	22	34	26	0.324	0	Virus	Medium	100.0	2
37.0	63.0	100	31	32	16	21	0.982	0	Plant	Low	100.0	1
46.0	54.0	100	31	23	25	21	0.297	0	Virus	Medium	100.0	2
42.0	58.0	100	30	28	23	19	0.683	0	Bacteria	Medium	100.0	2
43.0	57.0	100	31	26	29	14	0.852	0	Bacteria	Medium	100.0	2
46.0	54.0	100	25	29	17	29	0.429	0	Bacteria	Low	100.0	1
52.0	48.0	100	21	27	25	27	0.124	0	Virus	High	100.0	3
47.0	53.0	100	25	28	20	27	0.835	0	Virus	High	100.0	3
46.0	54.0	100	27	27	21	25	0.194	1	Plant	High	100.0	3
40.0	60.0	100	31	29	22	18	0.486	1	Virus	Low	100.0	1
50.0	50.0	100	33	17	27	23	0.477	0	Human	Low	100.0	1
43.0	57.0	100	32	25	15	28	0.555	0	Bacteria	Low	100.0	1
49.0	51.0	100	30	21	28	21	0.486	0	Plant	Low	100.0	1
48.0	52.0	100	21	31	23	25	0.604	0	Human	Medium	100.0	2
55.0	45.0	100	21	24	30	25	0.264	0	Virus	High	100.0	3
47.0	53.0	100	24	29	29	18	0.138	1	Bacteria	Low	100.0	1
58.0	42.0	100	19	23	35	23	0.293	0	Human	Medium	100.0	2
50.0	50.0	100	26	24	22	28	0.807	1	Bacteria	High	100.0	3
50.0	50.0	100	24	26	27	23	0.941	0	Virus	Medium	100.0	2
42.0	58.0	100	31	27	26	16	0.106	1	Plant	Medium	100.0	2
49.0	51.0	100	32	19	27	22	0.232	0	Bacteria	Low	100.0	1
62.0	38.0	100	18	20	29	33	0.809	1	Human	High	100.0	3
40.0	60.0	100	25	35	20	20	0.767	1	Virus	Low	100.0	1
45.0	55.0	100	36	19	26	19	0.935	1	Bacteria	High	100.0	3
52.0	48.0	100	24	24	29	23	0.247	1	Human	Medium	100.0	2
47.0	53.0	100	26	27	25	22	0.179	0	Plant	Low	100.0	1
42.0	58.0	100	26	32	17	25	0.883	0	Bacteria	Low	100.0	1
46.0	54.0	100	29	25	28	18	0.901	0	Virus	Low	100.0	1
53.0	47.0	100	25	22	31	22	0.883	0	Plant	High	100.0	3
52.0	48.0	100	24	24	27	25	0.149	0	Virus	High	100.0	3
55.0	45.0	100	22	23	30	25	0.253	1	Virus	High	100.0	3
57.0	43.0	100	19	24	23	34	0.867	0	Human	Low	100.0	1
43.0	57.0	100	34	23	21	22	0.783	1	Bacteria	Medium	100.0	2
44.0	56.0	100	29	27	23	21	0.932	1	Plant	Medium	100.0	2
51.0	49.0	100	25	24	18	33	0.393	1	Plant	Low	100.0	1
49.0	51.0	100	22	29	27	22	0.184	1	Virus	High	100.0	3
63.0	37.0	100	18	19	27	36	0.653	1	Virus	Medium	100.0	2
46.0	54.0	100	34	20	24	22	0.745	0	Plant	Low	100.0	1
53.0	47.0	100	22	25	26	27	0.251	0	Bacteria	Low	100.0	1
49.0	51.0	100	22	29	24	25	0.624	0	Plant	Low	100.0	1
51.0	49.0	100	20	29	27	24	0.933	0	Plant	Low	100.0	1
41.0	59.0	100	24	35	19	22	0.713	1	Plant	Low	100.0	1
45.0	55.0	100	32	23	20	25	0.926	0	Bacteria	Low	100.0	1
50.0	50.0	100	28	22	33	17	0.262	1	Bacteria	Low	100.0	1
54.0	46.0	100	21	25	23	31	0.103	0	Plant	High	100.0	3
53.0	47.0	100	22	25	21	32	0.904	0	Bacteria	Medium	100.0	2
52.0	48.0	100	23	25	25	27	0.617	0	Plant	Medium	100.0	2
50.0	50.0	100	31	19	26	24	0.898	0	Human	Low	100.0	1
55.0	45.0	100	18	27	25	30	0.587	0	Plant	Low	100.0	1
53.0	47.0	100	24	23	30	23	0.907	1	Virus	Medium	100.0	2
53.0	47.0	100	24	23	26	27	0.397	1	Virus	Low	100.0	1
41.0	59.0	100	29	30	17	24	0.172	0	Bacteria	High	100.0	3
53.0	47.0	100	22	25	28	25	0.694	0	Bacteria	Low	100.0	1
44.0	56.0	100	26	30	20	24	0.803	0	Plant	Medium	100.0	2
54.0	46.0	100	20	26	35	19	0.395	1	Bacteria	Low	100.0	1
54.0	46.0	100	18	28	29	25	0.982	1	Virus	Medium	100.0	2
54.0	46.0	100	23	23	24	30	0.27	1	Plant	High	100.0	3
51.0	49.0	100	22	27	26	25	0.827	1	Plant	Medium	100.0	2
58.0	42.0	100	25	17	32	26	0.747	1	Bacteria	High	100.0	3
48.0	52.0	100	24	28	22	26	0.205	0	Plant	High	100.0	3
65.0	35.0	100	12	23	36	29	0.509	1	Bacteria	Low	100.0	1
43.0	57.0	100	37	20	27	16	0.975	0	Bacteria	High	100.0	3
50.0	50.0	100	25	25	23	27	0.45	1	Virus	Medium	100.0	2
50.0	50.0	100	25	25	22	28	0.182	1	Virus	Low	100.0	1
50.0	50.0	100	26	24	24	26	0.786	1	Plant	High	100.0	3
51.0	49.0	100	31	18	25	26	0.769	1	Bacteria	High	100.0	3
55.0	45.0	100	23	22	24	31	0.264	0	Virus	High	100.0	3
59.0	41.0	100	22	19	34	25	0.459	0	Plant	Low	100.0	1
53.0	47.0	100	27	20	29	24	0.886	1	Virus	Low	100.0	1
43.0	57.0	100	29	28	15	28	0.309	1	Virus	High	100.0	3
53.0	47.0	100	25	22	29	24	0.342	1	Virus	High	100.0	3
48.0	52.0	100	23	29	28	20	0.683	1	Bacteria	Low	100.0	1
52.0	48.0	100	23	25	26	26	0.107	1	Plant	Medium	100.0	2
44.0	56.0	100	28	28	28	16	0.235	0	Virus	Medium	100.0	2
51.0	49.0	100	24	25	26	25	0.929	1	Plant	High	100.0	3
53.0	47.0	100	23	24	27	26	0.89	1	Plant	High	100.0	3
52.0	48.0	100	23	25	27	25	0.222	1	Bacteria	High	100.0	3
42.0	58.0	100	27	31	17	25	0.568	0	Bacteria	Medium	100.0	2
48.0	52.0	100	26	26	22	26	0.568	0	Plant	Medium	100.0	2
43.0	57.0	100	34	23	16	27	0.482	1	Human	Low	100.0	1
48.0	52.0	100	30	22	17	31	0.442	0	Virus	High	100.0	3
42.0	58.0	100	26	32	22	20	0.158	1	Bacteria	High	100.0	3
47.0	53.0	100	33	20	28	19	0.958	0	Human	Low	100.0	1
52.0	48.0	100	21	27	26	26	0.111	1	Human	Medium	100.0	2
53.0	47.0	100	24	23	26	27	0.669	0	Bacteria	Low	100.0	1
50.0	50.0	100	26	24	24	26	0.863	1	Human	High	100.0	3
42.0	58.0	100	29	29	24	18	0.976	1	Human	Low	100.0	1
52.0	48.0	100	24	24	27	25	0.781	0	Plant	Low	100.0	1
60.0	40.0	100	21	19	30	30	0.507	1	Bacteria	High	100.0	3
48.0	52.0	100	27	25	23	25	0.955	0	Bacteria	Low	100.0	1
39.0	61.0	100	27	34	20	19	0.574	0	Plant	Low	100.0	1
57.0	43.0	100	19	24	29	28	0.955	1	Plant	Medium	100.0	2
43.0	57.0	100	25	32	24	19	0.445	1	Human	High	100.0	3
54.0	46.0	100	21	25	28	26	0.422	1	Human	High	100.0	3
53.0	47.0	100	22	25	25	28	0.62	0	Virus	High	100.0	3
55.0	45.0	100	23	22	27	28	0.555	1	Bacteria	Medium	100.0	2
59.0	41.0	100	23	18	26	33	0.291	1	Plant	Low	100.0	1
54.0	46.0	100	19	27	30	24	0.741	0	Bacteria	Medium	100.0	2
58.0	42.0	100	22	20	34	24	0.688	1	Bacteria	High	100.0	3
53.0	47.0	100	25	22	27	26	0.991	0	Plant	Low	100.0	1
43.0	57.0	100	30	27	28	15	0.295	1	Plant	Low	100.0	1
58.0	42.0	100	25	17	33	25	0.625	0	Bacteria	High	100.0	3
46.0	54.0	100	32	22	26	20	0.55	0	Bacteria	High	100.0	3
54.0	46.0	100	26	20	27	27	0.298	1	Bacteria	High	100.0	3
43.0	57.0	100	27	30	15	28	0.79	1	Plant	Low	100.0	1
51.0	49.0	100	26	23	30	21	0.803	1	Bacteria	Medium	100.0	2
43.0	57.0	100	28	29	24	19	0.401	1	Virus	Low	100.0	1
54.0	46.0	100	21	25	29	25	0.365	0	Human	Low	100.0	1
44.0	56.0	100	31	25	26	18	0.271	1	Bacteria	High	100.0	3
56.0	44.0	100	23	21	32	24	0.123	0	Virus	High	100.0	3
54.0	46.0	100	22	24	26	28	0.6	0	Bacteria	High	100.0	3
51.0	49.0	100	23	26	25	26	0.583	1	Plant	Medium	100.0	2
44.0	56.0	100	30	26	20	24	0.372	1	Bacteria	High	100.0	3
44.0	56.0	100	32	24	21	23	0.155	0	Virus	Medium	100.0	2
55.0	45.0	100	27	18	29	26	0.62	0	Bacteria	High	100.0	3
42.0	58.0	100	24	34	21	21	0.333	0	Human	Medium	100.0	2
54.0	46.0	100	19	27	24	30	0.286	0	Plant	Medium	100.0	2
52.0	48.0	100	27	21	20	32	0.845	1	Plant	Medium	100.0	2
48.0	52.0	100	28	24	23	25	0.638	0	Human	High	100.0	3
53.0	47.0	100	24	23	25	28	0.633	0	Human	Medium	100.0	2
52.0	48.0	100	25	23	27	25	0.228	1	Plant	High	100.0	3
58.0	42.0	100	25	17	27	31	0.967	1	Human	Low	100.0	1
53.0	47.0	100	27	20	25	28	0.634	1	Bacteria	Medium	100.0	2
50.0	50.0	100	23	27	23	27	0.469	1	Virus	Low	100.0	1
50.0	50.0	100	20	30	27	23	0.715	1	Plant	Medium	100.0	2
52.0	48.0	100	22	26	32	20	0.658	1	Plant	Medium	100.0	2
50.0	50.0	100	25	25	23	27	0.824	1	Human	Medium	100.0	2
49.0	51.0	100	24	27	20	29	0.931	1	Human	Medium	100.0	2
51.0	49.0	100	24	25	30	21	0.668	0	Human	Low	100.0	1
48.0	52.0	100	21	31	21	27	0.484	0	Bacteria	High	100.0	3
50.0	50.0	100	21	29	31	19	0.537	0	Bacteria	High	100.0	3
47.0	53.0	100	23	30	28	19	0.97	0	Plant	High	100.0	3
45.0	55.0	100	31	24	15	30	0.635	1	Plant	High	100.0	3
48.0	52.0	100	24	28	23	25	0.528	0	Virus	Medium	100.0	2
46.0	54.0	100	33	21	23	23	0.334	1	Virus	High	100.0	3
47.0	53.0	100	26	27	20	27	0.313	1	Plant	High	100.0	3
49.0	51.0	100	25	26	27	22	0.496	0	Human	Low	100.0	1
52.0	48.0	100	26	22	28	24	0.687	0	Virus	High	100.0	3
53.0	47.0	100	22	25	24	29	0.176	1	Bacteria	High	100.0	3
47.0	53.0	100	29	24	17	30	0.604	1	Virus	Low	100.0	1
44.0	56.0	100	22	34	28	16	0.412	0	Virus	Medium	100.0	2
51.0	49.0	100	25	24	20	31	0.527	0	Bacteria	High	100.0	3
41.0	59.0	100	26	33	16	25	0.87	1	Virus	Medium	100.0	2
49.0	51.0	100	26	25	24	25	0.688	1	Bacteria	Medium	100.0	2
52.0	48.0	100	24	24	22	30	0.369	1	Human	Medium	100.0	2
52.0	48.0	100	26	22	25	27	0.673	0	Plant	Medium	100.0	2
53.0	47.0	100	20	27	25	28	0.614	1	Human	Low	100.0	1
43.0	57.0	100	36	21	28	15	0.171	1	Human	Medium	100.0	2
44.0	56.0	100	24	32	18	26	0.276	1	Human	Medium	100.0	2
57.0	43.0	100	23	20	31	26	0.322	0	Bacteria	Low	100.0	1
51.0	49.0	100	25	24	27	24	0.9	0	Virus	Low	100.0	1
52.0	48.0	100	26	22	21	31	0.315	0	Bacteria	Low	100.0	1
51.0	49.0	100	25	24	25	26	0.951	1	Virus	Medium	100.0	2
44.0	56.0	100	31	25	23	21	0.365	0	Human	Medium	100.0	2
48.0	52.0	100	20	32	28	20	0.213	0	Human	High	100.0	3
47.0	53.0	100	27	26	21	26	0.349	0	Virus	Low	100.0	1
47.0	53.0	100	26	27	20	27	0.845	1	Virus	High	100.0	3
50.0	50.0	100	24	26	29	21	0.353	0	Human	Low	100.0	1
51.0	49.0	100	24	25	23	28	0.797	1	Plant	Medium	100.0	2
43.0	57.0	100	37	20	27	16	0.938	0	Bacteria	Low	100.0	1
56.0	44.0	100	23	21	30	26	0.48	0	Bacteria	Medium	100.0	2
50.0	50.0	100	28	22	22	28	0.304	1	Plant	High	100.0	3
48.0	52.0	100	24	28	24	24	0.9	1	Bacteria	High	100.0	3
43.0	57.0	100	33	24	21	22	0.272	1	Bacteria	Medium	100.0	2
49.0	51.0	100	26	25	27	22	0.559	1	Virus	Medium	100.0	2
53.0	47.0	100	24	23	25	28	0.1	0	Virus	Low	100.0	1
51.0	49.0	100	27	22	28	23	0.51	1	Plant	High	100.0	3
48.0	52.0	100	22	30	24	24	0.461	0	Virus	High	100.0	3
43.0	57.0	100	29	28	20	23	0.777	1	Human	Low	100.0	1
60.0	40.0	100	21	19	31	29	0.664	0	Human	Medium	100.0	2
48.0	52.0	100	34	18	19	29	0.375	1	Virus	High	100.0	3
45.0	55.0	100	31	24	16	29	0.912	1	Plant	Low	100.0	1
46.0	54.0	100	30	24	19	27	0.603	1	Human	Medium	100.0	2
42.0	58.0	100	32	26	10	32	0.409	0	Virus	Low	100.0	1
58.0	42.0	100	17	25	29	29	0.89	1	Virus	High	100.0	3
47.0	53.0	100	27	26	29	18	0.389	1	Plant	Low	100.0	1
44.0	56.0	100	33	23	22	22	0.322	0	Plant	Low	100.0	1
53.0	47.0	100	25	22	31	22	0.496	0	Human	Low	100.0	1
44.0	56.0	100	32	24	24	20	0.483	0	Plant	High	100.0	3
45.0	55.0	100	30	25	23	22	0.624	0	Human	Low	100.0	1
55.0	45.0	100	16	29	22	33	0.139	1	Virus	Low	100.0	1
51.0	49.0	100	26	23	28	23	0.994	1	Plant	High	100.0	3
53.0	47.0	100	28	19	23	30	0.424	1	Bacteria	High	100.0	3
57.0	43.0	100	19	24	28	29	0.938	1	Human	High	100.0	3
56.0	44.0	100	21	23	33	23	0.583	0	Plant	Medium	100.0	2
47.0	53.0	100	28	25	20	27	0.999	1	Bacteria	Low	100.0	1
49.0	51.0	100	25	26	27	22	0.418	1	Bacteria	High	100.0	3
53.0	47.0	100	23	24	21	32	0.909	1	Virus	Medium	100.0	2
46.0	54.0	100	29	25	25	21	0.83	0	Bacteria	Low	100.0	1
55.0	45.0	100	22	23	29	26	0.562	1	Virus	High	100.0	3
52.0	48.0	100	31	17	35	17	0.424	1	Bacteria	Low	100.0	1
50.0	50.0	100	29	21	28	22	0.908	1	Virus	Low	100.0	1
48.0	52.0	100	28	24	23	25	0.602	1	Human	Low	100.0	1
57.0	43.0	100	25	18	27	30	0.765	1	Human	Medium	100.0	2
48.0	52.0	100	26	26	27	21	0.248	0	Virus	Low	100.0	1
55.0	45.0	100	22	23	21	34	0.314	1	Human	Medium	100.0	2
45.0	55.0	100	24	31	24	21	0.862	1	Plant	Medium	100.0	2
43.0	57.0	100	32	25	25	18	0.995	1	Bacteria	Low	100.0	1
48.0	52.0	100	33	19	24	24	0.439	1	Plant	Low	100.0	1
53.0	47.0	100	22	25	26	27	0.845	0	Bacteria	Low	100.0	1
49.0	51.0	100	23	28	23	26	0.435	1	Human	High	100.0	3
44.0	56.0	100	27	29	21	23	0.583	1	Human	High	100.0	3
53.0	47.0	100	20	27	26	27	0.322	0	Virus	High	100.0	3
55.0	45.0	100	21	24	26	29	0.777	0	Virus	Low	100.0	1
56.0	44.0	100	25	19	28	28	0.189	1	Human	High	100.0	3
49.0	51.0	100	22	29	25	24	0.74	0	Human	High	100.0	3
46.0	54.0	100	35	19	22	24	0.69	0	Bacteria	High	100.0	3
57.0	43.0	100	19	24	32	25	0.431	1	Human	High	100.0	3
49.0	51.0	100	26	25	26	23	0.135	0	Human	High	100.0	3
48.0	52.0	100	25	27	19	29	0.28	0	Plant	High	100.0	3
46.0	54.0	100	23	31	26	20	0.758	1	Bacteria	High	100.0	3
47.0	53.0	100	21	32	17	30	0.144	0	Virus	Low	100.0	1
55.0	45.0	100	23	22	27	28	0.113	0	Virus	Low	100.0	1
61.0	39.0	100	18	21	32	29	0.887	0	Bacteria	High	100.0	3
58.0	42.0	100	17	25	23	35	0.506	1	Human	Medium	100.0	2
45.0	55.0	100	35	20	30	15	0.827	1	Plant	Medium	100.0	2
44.0	56.0	100	31	25	19	25	0.552	1	Human	Low	100.0	1
52.0	48.0	100	21	27	22	30	0.845	0	Virus	Medium	100.0	2
51.0	49.0	100	30	19	23	28	0.181	0	Plant	Medium	100.0	2
48.0	52.0	100	25	27	22	26	0.893	0	Bacteria	High	100.0	3
49.0	51.0	100	29	22	23	26	0.659	1	Bacteria	Medium	100.0	2
50.0	50.0	100	30	20	25	25	0.795	0	Human	High	100.0	3
51.0	49.0	100	20	29	29	22	0.579	0	Virus	Medium	100.0	2
53.0	47.0	100	21	26	27	26	0.693	1	Virus	Low	100.0	1
54.0	46.0	100	21	25	23	31	0.73	1	Bacteria	Medium	100.0	2
44.0	56.0	100	28	28	22	22	0.276	0	Human	High	100.0	3
49.0	51.0	100	27	24	28	21	0.49	0	Plant	High	100.0	3
52.0	48.0	100	24	24	25	27	0.151	0	Plant	High	100.0	3
45.0	55.0	100	25	30	21	24	0.321	0	Bacteria	Low	100.0	1
50.0	50.0	100	28	22	27	23	0.943	1	Virus	Medium	100.0	2
54.0	46.0	100	27	19	32	22	0.278	1	Virus	High	100.0	3
47.0	53.0	100	25	28	22	25	0.143	1	Plant	Low	100.0	1
51.0	49.0	100	20	29	32	19	0.238	0	Human	Medium	100.0	2
54.0	46.0	100	21	25	28	26	0.463	1	Human	Medium	100.0	2
55.0	45.0	100	22	23	28	27	0.386	1	Virus	High	100.0	3
50.0	50.0	100	19	31	30	20	0.869	1	Human	Medium	100.0	2
49.0	51.0	100	27	24	23	26	0.943	1	Virus	Medium	100.0	2
54.0	46.0	100	20	26	27	27	0.821	0	Human	Low	100.0	1
46.0	54.0	100	31	23	23	23	0.4	1	Virus	High	100.0	3
49.0	51.0	100	24	27	28	21	0.299	1	Bacteria	High	100.0	3
49.0	51.0	100	23	28	23	26	0.163	1	Plant	Low	100.0	1
53.0	47.0	100	22	25	25	28	0.916	1	Bacteria	Medium	100.0	2
48.0	52.0	100	22	30	25	23	0.292	1	Human	Low	100.0	1
47.0	53.0	100	26	27	26	21	0.767	0	Virus	Medium	100.0	2
49.0	51.0	100	21	30	20	29	0.9	1	Human	Medium	100.0	2
53.0	47.0	100	24	23	19	34	0.274	0	Bacteria	Low	100.0	1
47.0	53.0	100	28	25	21	26	0.809	0	Bacteria	High	100.0	3
44.0	56.0	100	28	28	21	23	0.8	0	Plant	High	100.0	3
44.0	56.0	100	27	29	21	23	0.825	0	Virus	Low	100.0	1
60.0	40.0	100	21	19	26	34	0.664	0	Virus	Low	100.0	1
57.0	43.0	100	24	19	30	27	0.354	0	Human	Medium	100.0	2
54.0	46.0	100	22	24	25	29	0.131	0	Bacteria	Low	100.0	1
50.0	50.0	100	30	20	22	28	0.442	0	Plant	Low	100.0	1
42.0	58.0	100	38	20	20	22	0.329	0	Virus	High	100.0	3
47.0	53.0	100	25	28	30	17	0.102	1	Virus	Medium	100.0	2
51.0	49.0	100	19	30	24	27	0.196	1	Plant	Low	100.0	1
51.0	49.0	100	24	25	24	27	0.232	1	Virus	High	100.0	3
60.0	40.0	100	19	21	32	28	0.15	1	Human	High	100.0	3
56.0	44.0	100	22	22	36	20	0.348	0	Bacteria	Medium	100.0	2
44.0	56.0	100	31	25	26	18	0.308	0	Virus	High	100.0	3
60.0	40.0	100	21	19	29	31	0.409	0	Human	High	100.0	3
45.0	55.0	100	25	30	21	24	0.599	1	Bacteria	Medium	100.0	2
54.0	46.0	100	26	20	29	25	0.568	0	Human	High	100.0	3
51.0	49.0	100	21	28	32	19	0.367	0	Bacteria	High	100.0	3
52.0	48.0	100	24	24	23	29	0.773	0	Bacteria	Low	100.0	1
54.0	46.0	100	24	22	27	27	0.999	0	Human	Low	100.0	1
57.0	43.0	100	23	20	30	27	0.694	0	Bacteria	High	100.0	3
45.0	55.0	100	29	26	19	26	0.673	1	Human	Medium	100.0	2
48.0	52.0	100	26	26	22	26	0.653	0	Human	Low	100.0	1
54.0	46.0	100	20	26	30	24	0.74	1	Human	Low	100.0	1
47.0	53.0	100	25	28	23	24	0.115	0	Human	Low	100.0	1
52.0	48.0	100	17	31	27	25	0.301	0	Virus	High	100.0	3
59.0	41.0	100	22	19	30	29	0.254	1	Virus	Low	100.0	1
61.0	39.0	100	18	21	30	31	0.254	0	Plant	Low	100.0	1
52.0	48.0	100	28	20	21	31	0.488	1	Bacteria	Low	100.0	1
40.0	60.0	100	25	35	24	16	0.655	0	Bacteria	High	100.0	3
50.0	50.0	100	20	30	26	24	0.695	1	Plant	Low	100.0	1
54.0	46.0	100	23	23	32	22	0.61	0	Human	Medium	100.0	2
50.0	50.0	100	30	20	30	20	0.886	1	Human	High	100.0	3
55.0	45.0	100	21	24	26	29	0.727	1	Human	High	100.0	3
51.0	49.0	100	20	29	24	27	0.219	0	Plant	Medium	100.0	2
45.0	55.0	100	32	23	20	25	0.754	0	Human	Medium	100.0	2
41.0	59.0	100	30	29	20	21	0.527	0	Bacteria	Medium	100.0	2
50.0	50.0	100	24	26	27	23	0.702	0	Human	High	100.0	3
46.0	54.0	100	25	29	26	20	0.935	1	Plant	Medium	100.0	2
48.0	52.0	100	24	28	31	17	0.402	0	Plant	Low	100.0	1
58.0	42.0	100	23	19	33	25	0.146	0	Human	High	100.0	3
51.0	49.0	100	31	18	33	18	0.58	1	Bacteria	Low	100.0	1
55.0	45.0	100	20	25	31	24	0.398	1	Human	High	100.0	3
50.0	50.0	100	20	30	22	28	0.845	1	Human	Low	100.0	1
50.0	50.0	100	25	25	23	27	0.351	1	Human	Medium	100.0	2
54.0	46.0	100	26	20	28	26	0.446	0	Virus	High	100.0	3
49.0	51.0	100	30	21	26	23	0.647	0	Virus	Low	100.0	1
44.0	56.0	100	33	23	21	23	0.702	0	Plant	Medium	100.0	2
53.0	47.0	100	23	24	22	31	0.825	1	Human	High	100.0	3
62.0	38.0	100	21	17	37	25	0.948	0	Plant	Low	100.0	1
53.0	47.0	100	21	26	24	29	0.336	0	Plant	Medium	100.0	2
46.0	54.0	100	26	28	19	27	0.837	0	Bacteria	High	100.0	3
57.0	43.0	100	22	21	30	27	0.798	0	Bacteria	High	100.0	3
51.0	49.0	100	18	31	25	26	0.443	1	Bacteria	Low	100.0	1
41.0	59.0	100	29	30	23	18	0.993	1	Bacteria	Medium	100.0	2
51.0	49.0	100	18	31	24	27	0.878	0	Bacteria	Low	100.0	1
50.0	50.0	100	27	23	25	25	0.477	0	Bacteria	High	100.0	3
50.0	50.0	100	29	21	19	31	0.434	0	Human	Low	100.0	1
52.0	48.0	100	22	26	25	27	0.557	1	Virus	Low	100.0	1
52.0	48.0	100	26	22	24	28	0.433	0	Human	Medium	100.0	2
53.0	47.0	100	22	25	34	19	0.449	1	Bacteria	High	100.0	3
47.0	53.0	100	32	21	25	22	0.167	0	Plant	High	100.0	3
44.0	56.0	100	27	29	24	20	0.702	0	Virus	High	100.0	3
54.0	46.0	100	23	23	32	22	0.681	0	Plant	High	100.0	3
55.0	45.0	100	25	20	28	27	0.671	1	Virus	Low	100.0	1
45.0	55.0	100	29	26	24	21	0.519	0	Plant	High	100.0	3
52.0	48.0	100	25	23	25	27	0.439	1	Bacteria	Medium	100.0	2
47.0	53.0	100	22	31	22	25	0.626	1	Virus	Low	100.0	1
55.0	45.0	100	17	28	23	32	0.514	0	Human	Low	100.0	1
58.0	42.0	100	17	25	32	26	0.575	1	Virus	Low	100.0	1
49.0	51.0	100	26	25	23	26	0.32	1	Bacteria	Low	100.0	1
47.0	53.0	100	26	27	24	23	0.361	0	Plant	High	100.0	3
43.0	57.0	100	25	32	30	13	0.357	1	Bacteria	Low	100.0	1
48.0	52.0	100	26	26	23	25	0.652	1	Virus	High	100.0	3
53.0	47.0	100	22	25	25	28	0.634	0	Virus	Low	100.0	1
49.0	51.0	100	28	23	18	31	0.898	1	Virus	Medium	100.0	2
51.0	49.0	100	20	29	18	33	0.525	0	Human	Medium	100.0	2
49.0	51.0	100	28	23	22	27	0.52	0	Bacteria	Low	100.0	1
51.0	49.0	100	22	27	27	24	0.289	1	Virus	Low	100.0	1
49.0	51.0	100	27	24	20	29	0.567	1	Bacteria	Low	100.0	1
55.0	45.0	100	21	24	23	32	0.817	0	Human	Medium	100.0	2
66.0	34.0	100	17	17	31	35	0.889	1	Virus	Low	100.0	1
53.0	47.0	100	23	24	26	27	0.67	0	Human	Low	100.0	1
52.0	48.0	100	17	31	21	31	0.877	0	Bacteria	High	100.0	3
48.0	52.0	100	25	27	25	23	0.271	1	Bacteria	Low	100.0	1
50.0	50.0	100	33	17	24	26	0.532	1	Human	High	100.0	3
56.0	44.0	100	24	20	32	24	0.88	0	Plant	High	100.0	3
51.0	49.0	100	24	25	21	30	0.354	0	Plant	Low	100.0	1
52.0	48.0	100	29	19	22	30	0.86	0	Virus	Medium	100.0	2
46.0	54.0	100	26	28	23	23	0.467	0	Bacteria	High	100.0	3
54.0	46.0	100	23	23	26	28	0.183	0	Virus	High	100.0	3
53.0	47.0	100	23	24	33	20	0.39	0	Bacteria	Low	100.0	1
53.0	47.0	100	26	21	19	34	0.715	1	Plant	High	100.0	3
58.0	42.0	100	22	20	26	32	0.78	0	Bacteria	Medium	100.0	2
49.0	51.0	100	22	29	28	21	0.624	1	Bacteria	High	100.0	3
50.0	50.0	100	26	24	33	17	0.336	0	Human	Medium	100.0	2
55.0	45.0	100	16	29	22	33	0.959	0	Plant	High	100.0	3
42.0	58.0	100	34	24	13	29	0.301	0	Human	Low	100.0	1
43.0	57.0	100	26	31	17	26	0.51	1	Bacteria	High	100.0	3
49.0	51.0	100	20	31	25	24	0.441	1	Virus	High	100.0	3
44.0	56.0	100	31	25	21	23	0.26	0	Plant	High	100.0	3
49.0	51.0	100	29	22	25	24	0.339	0	Virus	Medium	100.0	2
64.0	36.0	100	17	19	40	24	0.868	0	Plant	Low	100.0	1
46.0	54.0	100	23	31	24	22	0.754	0	Plant	Low	100.0	1
50.0	50.0	100	26	24	27	23	0.177	1	Virus	High	100.0	3
42.0	58.0	100	29	29	17	25	0.914	0	Bacteria	High	100.0	3
47.0	53.0	100	30	23	23	24	0.816	0	Virus	Medium	100.0	2
53.0	47.0	100	27	20	27	26	0.413	0	Bacteria	Medium	100.0	2
51.0	49.0	100	29	20	28	23	0.688	1	Virus	High	100.0	3
49.0	51.0	100	26	25	24	25	0.756	1	Virus	Low	100.0	1
60.0	40.0	100	19	21	37	23	0.142	0	Bacteria	Medium	100.0	2
53.0	47.0	100	26	21	28	25	0.991	0	Plant	High	100.0	3
50.0	50.0	100	22	28	30	20	0.426	1	Human	Medium	100.0	2
47.0	53.0	100	26	27	26	21	0.526	0	Plant	High	100.0	3
59.0	41.0	100	21	20	22	37	0.477	1	Plant	High	100.0	3
46.0	54.0	100	27	27	26	20	0.943	1	Bacteria	High	100.0	3
52.0	48.0	100	19	29	23	29	0.607	1	Human	Low	100.0	1
53.0	47.0	100	25	22	29	24	0.215	1	Plant	High	100.0	3
55.0	45.0	100	22	23	25	30	0.508	0	Human	Medium	100.0	2
45.0	55.0	100	28	27	29	16	0.156	1	Plant	High	100.0	3
52.0	48.0	100	24	24	21	31	0.14	1	Bacteria	Medium	100.0	2
53.0	47.0	100	25	22	23	30	0.573	1	Human	High	100.0	3
55.0	45.0	100	20	25	35	20	0.691	0	Virus	Medium	100.0	2
53.0	47.0	100	29	18	28	25	0.606	0	Bacteria	Medium	100.0	2
53.0	47.0	100	22	25	24	29	0.28	1	Human	Low	100.0	1
51.0	49.0	100	23	26	25	26	0.885	0	Human	Low	100.0	1
47.0	53.0	100	26	27	22	25	0.367	0	Bacteria	High	100.0	3
56.0	44.0	100	24	20	21	35	0.192	1	Human	Low	100.0	1
56.0	44.0	100	20	24	31	25	0.393	1	Human	Medium	100.0	2
50.0	50.0	100	23	27	25	25	0.373	0	Human	High	100.0	3
53.0	47.0	100	21	26	32	21	0.937	0	Human	Medium	100.0	2
52.0	48.0	100	30	18	27	25	0.269	0	Virus	High	100.0	3
51.0	49.0	100	24	25	25	26	0.291	0	Bacteria	High	100.0	3
56.0	44.0	100	20	24	28	28	0.9	0	Plant	Medium	100.0	2
55.0	45.0	100	19	26	21	34	0.554	1	Human	Medium	100.0	2
36.0	64.0	100	30	34	17	19	0.276	1	Plant	Medium	100.0	2
48.0	52.0	100	29	23	20	28	0.315	0	Bacteria	Low	100.0	1
52.0	48.0	100	25	23	29	23	0.678	0	Bacteria	Medium	100.0	2
60.0	40.0	100	27	13	31	29	0.314	0	Bacteria	Low	100.0	1
55.0	45.0	100	22	23	22	33	0.995	1	Human	Low	100.0	1
50.0	50.0	100	28	22	25	25	0.812	0	Plant	High	100.0	3
53.0	47.0	100	19	28	27	26	0.66	0	Virus	Low	100.0	1
58.0	42.0	100	17	25	23	35	0.442	1	Plant	Low	100.0	1
51.0	49.0	100	25	24	26	25	0.12	1	Virus	Low	100.0	1
47.0	53.0	100	31	22	20	27	0.793	0	Virus	Medium	100.0	2
56.0	44.0	100	26	18	31	25	0.696	0	Plant	Low	100.0	1
48.0	52.0	100	23	29	29	19	0.589	1	Plant	High	100.0	3
50.0	50.0	100	21	29	24	26	0.574	1	Plant	High	100.0	3
50.0	50.0	100	26	24	29	21	0.955	1	Bacteria	High	100.0	3
45.0	55.0	100	31	24	22	23	0.603	1	Plant	Medium	100.0	2
50.0	50.0	100	23	27	21	29	0.452	1	Human	Low	100.0	1
53.0	47.0	100	35	12	30	23	0.2	0	Human	Medium	100.0	2
61.0	39.0	100	22	17	26	35	0.145	0	Human	Medium	100.0	2
49.0	51.0	100	24	27	23	26	0.595	0	Virus	Low	100.0	1
52.0	48.0	100	23	25	26	26	0.904	1	Plant	High	100.0	3
57.0	43.0	100	24	19	27	30	0.274	0	Plant	High	100.0	3
47.0	53.0	100	23	30	27	20	0.778	1	Virus	Medium	100.0	2
50.0	50.0	100	21	29	21	29	0.414	0	Virus	High	100.0	3
60.0	40.0	100	26	14	29	31	0.145	1	Virus	Low	100.0	1
48.0	52.0	100	26	26	21	27	0.663	1	Virus	Medium	100.0	2
49.0	51.0	100	28	23	23	26	0.724	0	Virus	Medium	100.0	2
46.0	54.0	100	24	30	17	29	0.101	0	Human	Medium	100.0	2
50.0	50.0	100	24	26	22	28	0.171	0	Virus	High	100.0	3
51.0	49.0	100	25	24	27	24	0.756	0	Plant	Medium	100.0	2
49.0	51.0	100	28	23	26	23	0.487	0	Human	Medium	100.0	2
65.0	35.0	100	15	20	34	31	0.382	1	Human	Low	100.0	1
49.0	51.0	100	20	31	23	26	0.575	1	Bacteria	Low	100.0	1
43.0	57.0	100	33	24	22	21	0.88	1	Human	High	100.0	3
44.0	56.0	100	28	28	24	20	0.191	0	Virus	Low	100.0	1
56.0	44.0	100	30	14	23	33	0.371	1	Human	Medium	100.0	2
60.0	40.0	100	23	17	36	24	0.815	0	Human	High	100.0	3
52.0	48.0	100	25	23	28	24	0.889	1	Bacteria	Low	100.0	1
38.0	62.0	100	38	24	11	27	0.975	1	Virus	Medium	100.0	2
47.0	53.0	100	21	32	27	20	0.828	0	Human	High	100.0	3
52.0	48.0	100	20	28	29	23	0.996	0	Virus	Medium	100.0	2
47.0	53.0	100	21	32	23	24	0.825	0	Human	Medium	100.0	2
53.0	47.0	100	26	21	32	21	0.132	0	Plant	High	100.0	3
59.0	41.0	100	14	27	25	34	0.377	1	Human	Low	100.0	1
40.0	60.0	100	31	29	16	24	0.453	1	Bacteria	High	100.0	3
45.0	55.0	100	34	21	21	24	0.679	1	Bacteria	High	100.0	3
51.0	49.0	100	26	23	27	24	0.646	0	Human	High	100.0	3
55.0	45.0	100	20	25	24	31	0.746	0	Bacteria	High	100.0	3
49.0	51.0	100	30	21	21	28	0.73	0	Virus	High	100.0	3
45.0	55.0	100	33	22	19	26	0.136	0	Bacteria	Medium	100.0	2
60.0	40.0	100	21	19	22	38	0.277	0	Plant	High	100.0	3
46.0	54.0	100	27	27	20	26	0.501	1	Plant	Low	100.0	1
53.0	47.0	100	29	18	25	28	0.882	1	Virus	High	100.0	3
53.0	47.0	100	24	23	31	22	0.403	0	Human	Medium	100.0	2
52.0	48.0	100	24	24	24	28	0.598	1	Virus	Low	100.0	1
60.0	40.0	100	20	20	25	35	0.362	0	Human	High	100.0	3
48.0	52.0	100	22	30	26	22	0.159	1	Bacteria	Medium	100.0	2
45.0	55.0	100	27	28	21	24	0.357	0	Plant	Low	100.0	1
52.0	48.0	100	22	26	20	32	0.54	1	Human	High	100.0	3
55.0	45.0	100	30	15	28	27	0.68	1	Bacteria	Low	100.0	1
47.0	53.0	100	25	28	30	17	0.172	1	Human	Medium	100.0	2
47.0	53.0	100	20	33	24	23	0.721	0	Bacteria	Medium	100.0	2
50.0	50.0	100	21	29	25	25	0.142	1	Virus	High	100.0	3
54.0	46.0	100	20	26	19	35	0.418	1	Plant	Low	100.0	1
50.0	50.0	100	30	20	27	23	0.665	1	Plant	High	100.0	3
50.0	50.0	100	28	22	24	26	0.485	0	Human	Low	100.0	1
53.0	47.0	100	24	23	27	26	0.511	0	Bacteria	Low	100.0	1
51.0	49.0	100	26	23	25	26	0.685	1	Virus	Medium	100.0	2
57.0	43.0	100	19	24	28	29	0.332	0	Plant	Low	100.0	1
52.0	48.0	100	27	21	30	22	0.667	0	Bacteria	High	100.0	3
46.0	54.0	100	29	25	21	25	0.653	0	Bacteria	Medium	100.0	2
55.0	45.0	100	25	20	26	29	0.357	0	Plant	Medium	100.0	2
56.0	44.0	100	19	25	27	29	0.518	1	Plant	High	100.0	3
56.0	44.0	100	24	20	29	27	0.643	0	Plant	Low	100.0	1
48.0	52.0	100	22	30	27	21	0.11	1	Virus	Medium	100.0	2
49.0	51.0	100	27	24	20	29	0.351	1	Virus	High	100.0	3
44.0	56.0	100	32	24	20	24	0.374	1	Plant	Low	100.0	1
45.0	55.0	100	33	22	17	28	0.205	0	Human	Medium	100.0	2
50.0	50.0	100	28	22	23	27	0.214	1	Human	Medium	100.0	2
57.0	43.0	100	24	19	25	32	0.191	1	Bacteria	Medium	100.0	2
49.0	51.0	100	23	28	18	31	0.83	1	Plant	Medium	100.0	2
50.0	50.0	100	25	25	24	26	0.85	1	Plant	Medium	100.0	2
47.0	53.0	100	30	23	26	21	0.552	0	Virus	Medium	100.0	2
51.0	49.0	100	25	24	23	28	0.454	0	Virus	Medium	100.0	2
46.0	54.0	100	29	25	19	27	0.571	0	Human	High	100.0	3
45.0	55.0	100	28	27	25	20	0.311	0	Bacteria	Low	100.0	1
53.0	47.0	100	26	21	28	25	0.137	1	Virus	Low	100.0	1
47.0	53.0	100	25	28	25	22	0.386	1	Human	Medium	100.0	2
49.0	51.0	100	27	24	23	26	0.784	0	Human	Medium	100.0	2
51.0	49.0	100	27	22	23	28	0.167	1	Virus	High	100.0	3
47.0	53.0	100	23	30	25	22	0.544	1	Human	Low	100.0	1
53.0	47.0	100	24	23	24	29	0.799	1	Human	Low	100.0	1
62.0	38.0	100	19	19	32	30	0.527	1	Virus	High	100.0	3
42.0	58.0	100	37	21	21	21	0.64	1	Plant	Low	100.0	1
44.0	56.0	100	32	24	18	26	0.588	1	Plant	Low	100.0	1
48.0	52.0	100	24	28	23	25	0.693	0	Virus	Low	100.0	1
49.0	51.0	100	25	26	26	23	0.764	1	Virus	Medium	100.0	2
64.0	36.0	100	14	22	36	28	0.472	1	Virus	Low	100.0	1
36.0	64.0	100	38	26	17	19	0.325	1	Plant	Low	100.0	1
54.0	46.0	100	21	25	30	24	0.899	0	Plant	Low	100.0	1
61.0	39.0	100	22	17	33	28	0.442	0	Virus	Medium	100.0	2
44.0	56.0	100	20	36	20	24	0.226	1	Plant	Low	100.0	1
51.0	49.0	100	19	30	30	21	0.7	1	Human	Low	100.0	1
57.0	43.0	100	19	24	27	30	0.599	1	Human	Low	100.0	1
37.0	63.0	100	32	31	14	23	0.587	1	Virus	High	100.0	3
46.0	54.0	100	32	22	23	23	0.522	1	Plant	Low	100.0	1
63.0	37.0	100	16	21	32	31	0.974	1	Bacteria	High	100.0	3
45.0	55.0	100	29	26	21	24	0.322	1	Virus	Medium	100.0	2
49.0	51.0	100	27	24	22	27	0.186	1	Human	Medium	100.0	2
48.0	52.0	100	27	25	26	22	0.51	0	Bacteria	Medium	100.0	2
50.0	50.0	100	28	22	28	22	0.133	0	Bacteria	High	100.0	3
42.0	58.0	100	23	35	20	22	0.441	0	Bacteria	High	100.0	3
48.0	52.0	100	28	24	24	24	0.442	1	Virus	Low	100.0	1
44.0	56.0	100	33	23	20	24	0.379	1	Plant	Medium	100.0	2
52.0	48.0	100	27	21	18	34	0.718	1	Virus	High	100.0	3
46.0	54.0	100	25	29	20	26	0.286	0	Plant	High	100.0	3
49.0	51.0	100	25	26	23	26	0.765	0	Plant	Medium	100.0	2
58.0	42.0	100	21	21	33	25	0.798	1	Human	Medium	100.0	2
49.0	51.0	100	31	20	18	31	0.22	0	Virus	High	100.0	3
52.0	48.0	100	29	19	28	24	0.732	1	Plant	High	100.0	3
49.0	51.0	100	25	26	24	25	0.786	0	Virus	High	100.0	3
54.0	46.0	100	25	21	27	27	0.304	1	Bacteria	High	100.0	3
53.0	47.0	100	28	19	16	37	0.1	1	Human	Medium	100.0	2
46.0	54.0	100	27	27	20	26	0.457	0	Bacteria	High	100.0	3
56.0	44.0	100	24	20	37	19	0.233	1	Human	Medium	100.0	2
53.0	47.0	100	23	24	27	26	0.39	0	Bacteria	Low	100.0	1
55.0	45.0	100	22	23	28	27	0.378	1	Human	Low	100.0	1
59.0	41.0	100	22	19	33	26	0.739	1	Virus	Low	100.0	1
46.0	54.0	100	32	22	25	21	0.391	1	Virus	High	100.0	3
54.0	46.0	100	26	20	32	22	0.997	0	Virus	High	100.0	3
54.0	46.0	100	24	22	26	28	0.949	0	Human	Low	100.0	1
47.0	53.0	100	23	30	26	21	0.586	1	Virus	High	100.0	3
50.0	50.0	100	28	22	20	30	0.823	0	Human	Medium	100.0	2
51.0	49.0	100	24	25	22	29	0.556	0	Human	High	100.0	3
51.0	49.0	100	25	24	29	22	0.249	1	Human	Medium	100.0	2
52.0	48.0	100	20	28	26	26	0.726	0	Bacteria	Low	100.0	1
57.0	43.0	100	21	22	28	29	0.221	1	Human	Low	100.0	1
51.0	49.0	100	25	24	29	22	0.628	1	Virus	High	100.0	3
52.0	48.0	100	26	22	22	30	0.458	1	Human	Low	100.0	1
46.0	54.0	100	20	34	26	20	0.819	1	Bacteria	Medium	100.0	2
53.0	47.0	100	23	24	25	28	0.742	0	Virus	Medium	100.0	2
46.0	54.0	100	28	26	25	21	0.93	1	Plant	High	100.0	3
58.0	42.0	100	23	19	31	27	0.2	0	Human	High	100.0	3
43.0	57.0	100	30	27	27	16	0.727	0	Virus	Medium	100.0	2
48.0	52.0	100	31	21	20	28	0.71	0	Human	Medium	100.0	2
42.0	58.0	100	23	35	28	14	0.602	0	Virus	Medium	100.0	2
40.0	60.0	100	38	22	19	21	0.469	1	Virus	Low	100.0	1
47.0	53.0	100	27	26	21	26	0.188	1	Plant	Medium	100.0	2
50.0	50.0	100	22	28	28	22	0.995	0	Human	High	100.0	3
50.0	50.0	100	25	25	29	21	0.438	1	Bacteria	High	100.0	3
50.0	50.0	100	25	25	25	25	0.276	1	Bacteria	High	100.0	3
54.0	46.0	100	22	24	28	26	0.364	0	Human	Low	100.0	1
44.0	56.0	100	29	27	26	18	0.292	0	Virus	Medium	100.0	2
56.0	44.0	100	15	29	25	31	0.314	1	Plant	Low	100.0	1
46.0	54.0	100	30	24	26	20	0.27	1	Bacteria	High	100.0	3
52.0	48.0	100	24	24	29	23	0.88	1	Human	Low	100.0	1
49.0	51.0	100	30	21	29	20	0.42	0	Virus	Low	100.0	1
57.0	43.0	100	22	21	28	29	0.464	0	Plant	Medium	100.0	2
51.0	49.0	100	28	21	23	28	0.686	1	Virus	High	100.0	3
48.0	52.0	100	28	24	18	30	0.573	1	Bacteria	Medium	100.0	2
55.0	45.0	100	22	23	29	26	0.987	0	Bacteria	Medium	100.0	2
45.0	55.0	100	28	27	25	20	0.236	1	Virus	Low	100.0	1
51.0	49.0	100	28	21	29	22	0.384	1	Bacteria	Low	100.0	1
59.0	41.0	100	25	16	36	23	0.642	0	Plant	High	100.0	3
44.0	56.0	100	26	30	23	21	0.62	1	Bacteria	Medium	100.0	2
44.0	56.0	100	24	32	20	24	0.489	1	Plant	High	100.0	3
60.0	40.0	100	20	20	29	31	0.701	0	Plant	Low	100.0	1
54.0	46.0	100	19	27	35	19	0.673	1	Virus	Medium	100.0	2
61.0	39.0	100	15	24	39	22	0.562	0	Bacteria	Medium	100.0	2
51.0	49.0	100	29	20	25	26	0.281	1	Bacteria	High	100.0	3
56.0	44.0	100	19	25	32	24	0.239	0	Human	Medium	100.0	2
52.0	48.0	100	15	33	27	25	0.113	0	Bacteria	Medium	100.0	2
54.0	46.0	100	19	27	25	29	0.5	0	Bacteria	Medium	100.0	2
51.0	49.0	100	24	25	23	28	0.749	0	Bacteria	Medium	100.0	2
54.0	46.0	100	20	26	27	27	0.46	0	Virus	High	100.0	3
49.0	51.0	100	34	17	23	26	0.317	0	Virus	Low	100.0	1
46.0	54.0	100	26	28	18	28	0.256	0	Plant	Low	100.0	1
48.0	52.0	100	26	26	25	23	0.749	1	Plant	Low	100.0	1
43.0	57.0	100	19	38	24	19	0.257	0	Virus	High	100.0	3
47.0	53.0	100	27	26	24	23	0.599	0	Human	High	100.0	3
43.0	57.0	100	28	29	19	24	0.986	1	Human	High	100.0	3
48.0	52.0	100	25	27	22	26	0.965	0	Virus	Medium	100.0	2
42.0	58.0	100	34	24	23	19	0.999	1	Human	Low	100.0	1
51.0	49.0	100	24	25	29	22	0.798	1	Bacteria	High	100.0	3
51.0	49.0	100	25	24	26	25	0.64	1	Human	Low	100.0	1
48.0	52.0	100	25	27	21	27	0.623	0	Plant	Medium	100.0	2
53.0	47.0	100	19	28	26	27	0.358	0	Virus	Medium	100.0	2
56.0	44.0	100	17	27	20	36	0.555	0	Bacteria	Medium	100.0	2
49.0	51.0	100	24	27	30	19	0.739	1	Plant	High	100.0	3
55.0	45.0	100	29	16	27	28	0.328	1	Human	Medium	100.0	2
55.0	45.0	100	25	20	28	27	0.445	1	Human	High	100.0	3
56.0	44.0	100	25	19	28	28	0.361	0	Bacteria	Low	100.0	1
49.0	51.0	100	23	28	17	32	0.624	1	Human	Medium	100.0	2
43.0	57.0	100	29	28	22	21	0.326	0	Bacteria	High	100.0	3
50.0	50.0	100	23	27	23	27	0.526	0	Human	High	100.0	3
56.0	44.0	100	13	31	30	26	0.238	1	Human	High	100.0	3
46.0	54.0	100	35	19	23	23	0.974	1	Plant	Low	100.0	1
45.0	55.0	100	30	25	18	27	0.661	0	Plant	High	100.0	3
55.0	45.0	100	29	16	32	23	0.284	0	Bacteria	Medium	100.0	2
54.0	46.0	100	24	22	25	29	0.688	1	Human	Low	100.0	1
56.0	44.0	100	21	23	25	31	0.235	0	Bacteria	High	100.0	3
54.0	46.0	100	19	27	30	24	0.171	1	Human	Low	100.0	1
54.0	46.0	100	23	23	28	26	0.456	1	Virus	Low	100.0	1
46.0	54.0	100	29	25	24	22	0.932	0	Plant	Low	100.0	1
49.0	51.0	100	25	26	24	25	0.104	1	Virus	Low	100.0	1
58.0	42.0	100	19	23	30	28	0.973	0	Virus	Medium	100.0	2
48.0	52.0	100	29	23	28	20	0.24	0	Plant	Low	100.0	1
56.0	44.0	100	16	28	32	24	0.441	1	Bacteria	Medium	100.0	2
55.0	45.0	100	23	22	33	22	0.869	0	Plant	Low	100.0	1
60.0	40.0	100	20	20	25	35	0.589	1	Virus	Medium	100.0	2
53.0	47.0	100	25	22	28	25	0.239	1	Virus	Low	100.0	1
46.0	54.0	100	32	22	24	22	0.454	1	Plant	Low	100.0	1
51.0	49.0	100	29	20	26	25	0.397	0	Bacteria	Medium	100.0	2
54.0	46.0	100	14	32	24	30	0.602	1	Virus	Medium	100.0	2
51.0	49.0	100	27	22	26	25	0.861	0	Virus	Low	100.0	1
62.0	38.0	100	15	23	34	28	0.215	1	Human	Medium	100.0	2
49.0	51.0	100	23	28	24	25	0.759	0	Virus	Medium	100.0	2
48.0	52.0	100	22	30	18	30	0.693	0	Bacteria	Low	100.0	1
50.0	50.0	100	32	18	26	24	0.628	1	Bacteria	High	100.0	3
47.0	53.0	100	26	27	26	21	0.916	0	Bacteria	High	100.0	3
51.0	49.0	100	25	24	21	30	0.563	0	Plant	High	100.0	3
45.0	55.0	100	29	26	27	18	0.801	0	Bacteria	High	100.0	3
53.0	47.0	100	29	18	29	24	0.835	0	Human	Low	100.0	1
53.0	47.0	100	24	23	20	33	0.226	0	Bacteria	Medium	100.0	2
49.0	51.0	100	25	26	26	23	0.573	0	Virus	High	100.0	3
45.0	55.0	100	29	26	22	23	0.969	0	Bacteria	High	100.0	3
53.0	47.0	100	28	19	33	20	0.465	1	Human	Medium	100.0	2
49.0	51.0	100	25	26	25	24	0.768	0	Virus	Medium	100.0	2
56.0	44.0	100	22	22	20	36	0.251	1	Bacteria	High	100.0	3
44.0	56.0	100	27	29	21	23	0.857	1	Human	High	100.0	3
50.0	50.0	100	27	23	25	25	0.466	1	Bacteria	High	100.0	3
57.0	43.0	100	26	17	33	24	0.171	1	Plant	Medium	100.0	2
42.0	58.0	100	26	32	29	13	0.463	1	Virus	High	100.0	3
54.0	46.0	100	22	24	28	26	0.185	1	Virus	High	100.0	3
61.0	39.0	100	21	18	24	37	0.449	1	Human	Low	100.0	1
53.0	47.0	100	26	21	28	25	0.79	1	Human	Low	100.0	1
49.0	51.0	100	31	20	28	21	0.609	0	Human	High	100.0	3
44.0	56.0	100	21	35	21	23	0.184	0	Plant	Low	100.0	1
46.0	54.0	100	28	26	15	31	0.377	0	Human	High	100.0	3
46.0	54.0	100	25	29	25	21	0.299	1	Human	Low	100.0	1
47.0	53.0	100	30	23	24	23	0.923	1	Bacteria	Medium	100.0	2
52.0	48.0	100	26	22	27	25	0.887	1	Bacteria	Low	100.0	1
50.0	50.0	100	20	30	25	25	0.361	0	Virus	Medium	100.0	2
51.0	49.0	100	27	22	26	25	0.699	1	Plant	Medium	100.0	2
56.0	44.0	100	18	26	30	26	0.209	1	Bacteria	High	100.0	3
46.0	54.0	100	31	23	20	26	0.793	1	Bacteria	Low	100.0	1
62.0	38.0	100	18	20	37	25	0.708	0	Plant	Low	100.0	1
43.0	57.0	100	22	35	20	23	0.449	1	Human	Low	100.0	1
47.0	53.0	100	26	27	19	28	0.998	0	Human	Medium	100.0	2
44.0	56.0	100	26	30	22	22	0.681	1	Bacteria	Medium	100.0	2
47.0	53.0	100	26	27	23	24	0.801	1	Plant	Medium	100.0	2
47.0	53.0	100	22	31	19	28	0.83	0	Virus	Medium	100.0	2
51.0	49.0	100	16	33	29	22	0.124	0	Virus	Medium	100.0	2
52.0	48.0	100	30	18	24	28	0.919	1	Human	Low	100.0	1
49.0	51.0	100	31	20	23	26	0.341	0	Human	High	100.0	3
45.0	55.0	100	32	23	26	19	0.386	1	Virus	Medium	100.0	2
51.0	49.0	100	29	20	25	26	0.559	1	Plant	High	100.0	3
48.0	52.0	100	22	30	22	26	0.818	1	Bacteria	Low	100.0	1
58.0	42.0	100	24	18	22	36	0.988	0	Bacteria	High	100.0	3
60.0	40.0	100	21	19	29	31	0.795	0	Human	High	100.0	3
44.0	56.0	100	31	25	28	16	0.649	1	Bacteria	Medium	100.0	2
45.0	55.0	100	24	31	25	20	0.732	0	Bacteria	Low	100.0	1
42.0	58.0	100	31	27	23	19	0.175	1	Virus	High	100.0	3
60.0	40.0	100	25	15	30	30	0.937	1	Human	Medium	100.0	2
50.0	50.0	100	22	28	25	25	0.629	1	Virus	Low	100.0	1
47.0	53.0	100	25	28	17	30	0.679	0	Virus	High	100.0	3
50.0	50.0	100	27	23	24	26	0.825	0	Human	Medium	100.0	2
44.0	56.0	100	23	33	24	20	0.16	0	Bacteria	Medium	100.0	2
44.0	56.0	100	21	35	18	26	0.768	1	Bacteria	Medium	100.0	2
46.0	54.0	100	26	28	21	25	0.993	1	Bacteria	High	100.0	3
45.0	55.0	100	26	29	19	26	0.517	1	Human	Medium	100.0	2
46.0	54.0	100	20	34	22	24	0.456	0	Bacteria	Low	100.0	1
47.0	53.0	100	26	27	23	24	0.794	1	Plant	High	100.0	3
63.0	37.0	100	11	26	30	33	0.949	1	Human	High	100.0	3
56.0	44.0	100	26	18	32	24	0.299	0	Plant	Low	100.0	1
51.0	49.0	100	20	29	19	32	0.609	1	Virus	Medium	100.0	2
51.0	49.0	100	21	28	23	28	0.502	0	Bacteria	High	100.0	3
51.0	49.0	100	30	19	21	30	0.993	1	Bacteria	Medium	100.0	2
47.0	53.0	100	25	28	25	22	0.913	0	Bacteria	Medium	100.0	2
55.0	45.0	100	21	24	29	26	0.709	0	Bacteria	High	100.0	3
41.0	59.0	100	26	33	16	25	0.89	1	Plant	Low	100.0	1
55.0	45.0	100	21	24	29	26	0.571	0	Plant	Medium	100.0	2
45.0	55.0	100	24	31	23	22	0.507	1	Human	High	100.0	3
42.0	58.0	100	34	24	17	25	0.396	0	Plant	Low	100.0	1
57.0	43.0	100	22	21	29	28	0.559	0	Virus	Medium	100.0	2
52.0	48.0	100	19	29	27	25	0.956	0	Plant	Low	100.0	1
60.0	40.0	100	18	22	27	33	0.299	0	Bacteria	Medium	100.0	2
51.0	49.0	100	26	23	28	23	0.888	0	Human	Low	100.0	1
41.0	59.0	100	37	22	17	24	0.223	1	Virus	Low	100.0	1
48.0	52.0	100	25	27	25	23	0.502	1	Human	Medium	100.0	2
51.0	49.0	100	24	25	23	28	0.418	0	Plant	High	100.0	3
53.0	47.0	100	27	20	29	24	0.205	1	Bacteria	Medium	100.0	2
41.0	59.0	100	28	31	21	20	0.396	0	Virus	High	100.0	3
53.0	47.0	100	18	29	24	29	0.906	0	Bacteria	High	100.0	3
49.0	51.0	100	24	27	30	19	0.551	1	Bacteria	High	100.0	3
56.0	44.0	100	22	22	27	29	0.315	1	Bacteria	Medium	100.0	2
49.0	51.0	100	20	31	31	18	0.564	0	Plant	High	100.0	3
54.0	46.0	100	24	22	25	29	0.328	1	Bacteria	Low	100.0	1
62.0	38.0	100	21	17	26	36	0.456	1	Bacteria	Medium	100.0	2
47.0	53.0	100	36	17	20	27	0.868	0	Plant	Low	100.0	1
51.0	49.0	100	31	18	25	26	0.77	1	Human	Low	100.0	1
43.0	57.0	100	25	32	17	26	0.657	1	Human	High	100.0	3
50.0	50.0	100	23	27	22	28	0.145	0	Human	High	100.0	3
52.0	48.0	100	23	25	20	32	0.887	0	Bacteria	High	100.0	3
43.0	57.0	100	36	21	28	15	0.543	0	Plant	High	100.0	3
54.0	46.0	100	25	21	26	28	0.981	1	Bacteria	High	100.0	3
54.0	46.0	100	21	25	27	27	0.885	0	Human	Low	100.0	1
49.0	51.0	100	28	23	22	27	0.328	1	Human	High	100.0	3
41.0	59.0	100	24	35	19	22	0.59	1	Virus	Low	100.0	1
52.0	48.0	100	19	29	29	23	0.513	0	Plant	High	100.0	3
52.0	48.0	100	28	20	26	26	0.186	1	Plant	High	100.0	3
57.0	43.0	100	26	17	20	37	0.104	1	Human	High	100.0	3
54.0	46.0	100	23	23	29	25	0.777	0	Virus	Low	100.0	1
53.0	47.0	100	25	22	21	32	0.606	0	Virus	Medium	100.0	2
57.0	43.0	100	24	19	27	30	0.662	1	Bacteria	Medium	100.0	2
47.0	53.0	100	34	19	20	27	0.634	0	Human	High	100.0	3
51.0	49.0	100	28	21	30	21	0.37	0	Virus	Medium	100.0	2
50.0	50.0	100	24	26	26	24	0.101	1	Virus	Low	100.0	1
54.0	46.0	100	21	25	24	30	0.146	1	Plant	Low	100.0	1
57.0	43.0	100	20	23	27	30	0.768	1	Human	High	100.0	3
45.0	55.0	100	26	29	18	27	0.789	0	Bacteria	Low	100.0	1
46.0	54.0	100	32	22	22	24	0.707	1	Plant	Low	100.0	1
48.0	52.0	100	27	25	22	26	0.466	1	Human	Medium	100.0	2
50.0	50.0	100	27	23	25	25	0.846	0	Human	High	100.0	3
48.0	52.0	100	27	25	22	26	0.755	0	Virus	Low	100.0	1
49.0	51.0	100	28	23	25	24	0.246	1	Human	Medium	100.0	2
42.0	58.0	100	27	31	25	17	0.181	1	Virus	High	100.0	3
61.0	39.0	100	20	19	33	28	0.16	0	Plant	High	100.0	3
52.0	48.0	100	24	24	23	29	0.161	0	Plant	High	100.0	3
54.0	46.0	100	30	16	21	33	0.625	1	Virus	High	100.0	3
47.0	53.0	100	28	25	21	26	0.63	0	Human	Low	100.0	1
48.0	52.0	100	33	19	26	22	0.224	1	Plant	Low	100.0	1
44.0	56.0	100	25	31	19	25	0.775	0	Virus	Low	100.0	1
48.0	52.0	100	26	26	24	24	0.277	0	Plant	High	100.0	3
51.0	49.0	100	32	17	21	30	0.554	1	Virus	High	100.0	3
46.0	54.0	100	20	34	24	22	0.414	1	Plant	Low	100.0	1
56.0	44.0	100	23	21	33	23	0.334	1	Bacteria	High	100.0	3
41.0	59.0	100	24	35	20	21	0.295	1	Human	Medium	100.0	2
51.0	49.0	100	29	20	23	28	0.252	0	Human	High	100.0	3
47.0	53.0	100	22	31	30	17	0.758	0	Virus	High	100.0	3
54.0	46.0	100	25	21	27	27	0.409	0	Virus	Medium	100.0	2
50.0	50.0	100	26	24	26	24	0.275	0	Bacteria	Medium	100.0	2
50.0	50.0	100	24	26	26	24	0.867	1	Human	Medium	100.0	2
56.0	44.0	100	20	24	30	26	0.642	0	Bacteria	High	100.0	3
51.0	49.0	100	23	26	24	27	0.637	0	Human	Low	100.0	1
51.0	49.0	100	24	25	22	29	0.908	1	Plant	Medium	100.0	2
47.0	53.0	100	30	23	18	29	0.244	0	Plant	Low	100.0	1
64.0	36.0	100	20	16	31	33	0.77	0	Plant	High	100.0	3
54.0	46.0	100	29	17	29	25	0.731	0	Bacteria	High	100.0	3
53.0	47.0	100	23	24	23	30	0.409	1	Bacteria	Low	100.0	1
46.0	54.0	100	24	30	23	23	0.699	1	Virus	High	100.0	3
52.0	48.0	100	20	28	27	25	0.344	1	Virus	High	100.0	3
56.0	44.0	100	23	21	27	29	0.813	0	Plant	High	100.0	3
45.0	55.0	100	36	19	23	22	0.528	1	Bacteria	Medium	100.0	2
49.0	51.0	100	23	28	21	28	0.229	0	Virus	Medium	100.0	2
43.0	57.0	100	23	34	17	26	0.942	1	Virus	High	100.0	3
62.0	38.0	100	19	19	36	26	0.821	1	Virus	Low	100.0	1
51.0	49.0	100	14	35	20	31	0.7	1	Virus	Medium	100.0	2
54.0	46.0	100	18	28	23	31	0.31	1	Virus	Low	100.0	1
52.0	48.0	100	21	27	26	26	0.198	1	Plant	High	100.0	3
47.0	53.0	100	21	32	25	22	0.117	1	Human	Medium	100.0	2
49.0	51.0	100	20	31	28	21	0.393	0	Bacteria	Low	100.0	1
60.0	40.0	100	19	21	29	31	0.668	0	Virus	Medium	100.0	2
54.0	46.0	100	20	26	23	31	0.601	0	Human	High	100.0	3
44.0	56.0	100	29	27	27	17	0.991	0	Plant	High	100.0	3
49.0	51.0	100	24	27	29	20	0.747	0	Plant	Low	100.0	1
46.0	54.0	100	31	23	18	28	0.458	0	Plant	High	100.0	3
55.0	45.0	100	27	18	28	27	0.877	1	Plant	Low	100.0	1
42.0	58.0	100	32	26	24	18	0.369	0	Plant	Low	100.0	1
51.0	49.0	100	30	19	26	25	0.916	1	Bacteria	Medium	100.0	2
51.0	49.0	100	29	20	28	23	0.339	1	Virus	High	100.0	3
46.0	54.0	100	27	27	24	22	0.495	0	Bacteria	Medium	100.0	2
49.0	51.0	100	23	28	21	28	0.747	1	Virus	High	100.0	3
51.0	49.0	100	22	27	26	25	0.145	0	Human	High	100.0	3
63.0	37.0	100	15	22	31	32	0.157	1	Virus	High	100.0	3
47.0	53.0	100	28	25	24	23	0.74	1	Virus	Low	100.0	1
49.0	51.0	100	15	36	23	26	0.691	0	Plant	Medium	100.0	2
42.0	58.0	100	27	31	18	24	0.546	0	Bacteria	Low	100.0	1
53.0	47.0	100	17	30	34	19	0.839	0	Virus	Medium	100.0	2
51.0	49.0	100	26	23	21	30	0.623	1	Virus	Medium	100.0	2
48.0	52.0	100	28	24	28	20	0.643	1	Bacteria	Low	100.0	1
59.0	41.0	100	22	19	30	29	0.951	1	Human	Medium	100.0	2
45.0	55.0	100	28	27	19	26	0.386	0	Human	Medium	100.0	2
52.0	48.0	100	20	28	26	26	0.525	1	Bacteria	Medium	100.0	2
54.0	46.0	100	21	25	28	26	0.345	0	Bacteria	Medium	100.0	2
45.0	55.0	100	31	24	21	24	0.852	0	Plant	Low	100.0	1
48.0	52.0	100	30	22	24	24	0.7	1	Human	Low	100.0	1
54.0	46.0	100	22	24	29	25	0.685	1	Human	High	100.0	3
59.0	41.0	100	22	19	32	27	0.925	0	Bacteria	Medium	100.0	2
48.0	52.0	100	29	23	25	23	0.248	0	Bacteria	High	100.0	3
56.0	44.0	100	28	16	27	29	0.495	0	Bacteria	Medium	100.0	2
52.0	48.0	100	16	32	26	26	0.513	0	Virus	High	100.0	3
48.0	52.0	100	30	22	25	23	0.679	0	Bacteria	Medium	100.0	2
45.0	55.0	100	24	31	17	28	0.835	1	Virus	Low	100.0	1
47.0	53.0	100	25	28	21	26	0.934	1	Virus	Low	100.0	1
47.0	53.0	100	21	32	27	20	0.857	0	Bacteria	High	100.0	3
50.0	50.0	100	26	24	25	25	0.365	1	Bacteria	Low	100.0	1
51.0	49.0	100	25	24	33	18	0.971	1	Plant	Medium	100.0	2
57.0	43.0	100	21	22	26	31	0.538	1	Bacteria	Low	100.0	1
48.0	52.0	100	31	21	28	20	0.884	1	Bacteria	High	100.0	3
50.0	50.0	100	25	25	27	23	0.821	0	Human	Low	100.0	1
48.0	52.0	100	22	30	18	30	0.938	1	Plant	Low	100.0	1
47.0	53.0	100	32	21	17	30	0.151	1	Human	High	100.0	3
44.0	56.0	100	18	38	22	22	0.734	1	Human	High	100.0	3
54.0	46.0	100	22	24	25	29	0.921	0	Virus	High	100.0	3
49.0	51.0	100	25	26	25	24	0.723	1	Human	Medium	100.0	2
54.0	46.0	100	24	22	28	26	0.226	1	Plant	Low	100.0	1
58.0	42.0	100	17	25	26	32	0.242	1	Human	Low	100.0	1
43.0	57.0	100	26	31	25	18	0.678	1	Bacteria	Low	100.0	1
51.0	49.0	100	23	26	29	22	0.726	0	Plant	Medium	100.0	2
57.0	43.0	100	20	23	31	26	0.483	0	Virus	High	100.0	3
50.0	50.0	100	24	26	23	27	0.606	1	Virus	Medium	100.0	2
49.0	51.0	100	26	25	20	29	0.116	0	Virus	High	100.0	3
55.0	45.0	100	23	22	29	26	0.9	0	Human	Medium	100.0	2
50.0	50.0	100	21	29	29	21	0.649	0	Virus	Medium	100.0	2
46.0	54.0	100	28	26	18	28	0.117	0	Plant	Medium	100.0	2
54.0	46.0	100	23	23	32	22	0.822	0	Bacteria	Low	100.0	1
50.0	50.0	100	26	24	27	23	0.371	1	Human	Low	100.0	1
47.0	53.0	100	25	28	25	22	0.724	0	Bacteria	Medium	100.0	2
53.0	47.0	100	26	21	28	25	0.37	0	Bacteria	Medium	100.0	2
48.0	52.0	100	30	22	25	23	0.935	1	Human	Low	100.0	1
49.0	51.0	100	27	24	20	29	0.795	1	Bacteria	High	100.0	3
37.0	63.0	100	34	29	20	17	0.531	0	Human	Low	100.0	1
54.0	46.0	100	21	25	24	30	0.532	0	Human	Low	100.0	1
54.0	46.0	100	23	23	31	23	0.645	0	Human	Medium	100.0	2
52.0	48.0	100	22	26	26	26	0.276	1	Plant	High	100.0	3
43.0	57.0	100	36	21	19	24	0.473	1	Plant	Medium	100.0	2
51.0	49.0	100	28	21	31	20	0.227	1	Human	High	100.0	3
50.0	50.0	100	27	23	28	22	0.761	1	Human	High	100.0	3
53.0	47.0	100	25	22	28	25	0.623	0	Plant	High	100.0	3
46.0	54.0	100	26	28	21	25	0.927	0	Bacteria	High	100.0	3
45.0	55.0	100	26	29	25	20	0.663	1	Bacteria	Medium	100.0	2
50.0	50.0	100	25	25	25	25	0.363	0	Bacteria	High	100.0	3
48.0	52.0	100	17	35	25	23	0.73	0	Bacteria	High	100.0	3
46.0	54.0	100	34	20	19	27	0.865	1	Human	Low	100.0	1
50.0	50.0	100	22	28	27	23	0.571	0	Virus	High	100.0	3
50.0	50.0	100	31	19	25	25	0.71	0	Human	High	100.0	3
55.0	45.0	100	25	20	22	33	0.101	1	Bacteria	High	100.0	3
46.0	54.0	100	27	27	23	23	0.999	0	Plant	High	100.0	3
48.0	52.0	100	29	23	25	23	0.991	1	Virus	High	100.0	3
45.0	55.0	100	27	28	16	29	0.513	0	Plant	Low	100.0	1
50.0	50.0	100	24	26	24	26	0.184	1	Virus	Low	100.0	1
47.0	53.0	100	29	24	20	27	0.427	0	Virus	Low	100.0	1
50.0	50.0	100	25	25	32	18	0.519	0	Plant	Medium	100.0	2
51.0	49.0	100	25	24	24	27	0.114	1	Virus	Medium	100.0	2
55.0	45.0	100	21	24	27	28	0.347	0	Bacteria	Medium	100.0	2
53.0	47.0	100	27	20	28	25	0.145	0	Bacteria	High	100.0	3
50.0	50.0	100	26	24	24	26	0.853	1	Bacteria	Medium	100.0	2
47.0	53.0	100	32	21	25	22	0.592	1	Plant	High	100.0	3
48.0	52.0	100	23	29	28	20	0.473	1	Bacteria	Low	100.0	1
38.0	62.0	100	29	33	14	24	0.951	1	Virus	Medium	100.0	2
50.0	50.0	100	25	25	27	23	0.363	1	Plant	Low	100.0	1
52.0	48.0	100	30	18	29	23	0.893	0	Human	Low	100.0	1
53.0	47.0	100	23	24	22	31	0.75	0	Human	High	100.0	3
51.0	49.0	100	27	22	26	25	0.185	1	Virus	Medium	100.0	2
47.0	53.0	100	24	29	30	17	0.818	1	Human	Low	100.0	1
50.0	50.0	100	30	20	26	24	0.755	1	Human	Low	100.0	1
43.0	57.0	100	29	28	23	20	0.387	0	Human	Medium	100.0	2
54.0	46.0	100	19	27	27	27	0.735	0	Plant	Low	100.0	1
51.0	49.0	100	29	20	27	24	0.663	0	Bacteria	Low	100.0	1
53.0	47.0	100	20	27	25	28	0.139	1	Bacteria	Low	100.0	1
52.0	48.0	100	26	22	25	27	0.384	1	Bacteria	Medium	100.0	2
57.0	43.0	100	20	23	27	30	0.948	0	Human	Medium	100.0	2
55.0	45.0	100	27	18	31	24	0.874	1	Plant	High	100.0	3
42.0	58.0	100	22	36	21	21	0.229	1	Virus	Low	100.0	1
53.0	47.0	100	24	23	21	32	0.41	0	Plant	High	100.0	3
46.0	54.0	100	25	29	25	21	0.417	1	Human	High	100.0	3
56.0	44.0	100	23	21	25	31	0.46	1	Bacteria	High	100.0	3
51.0	49.0	100	22	27	27	24	0.727	0	Plant	Medium	100.0	2
48.0	52.0	100	25	27	19	29	0.86	1	Virus	Low	100.0	1
45.0	55.0	100	21	34	19	26	0.585	0	Bacteria	Low	100.0	1
44.0	56.0	100	28	28	23	21	0.674	1	Bacteria	Low	100.0	1
63.0	37.0	100	19	18	32	31	0.157	0	Plant	Low	100.0	1
52.0	48.0	100	29	19	26	26	0.168	0	Bacteria	Low	100.0	1
52.0	48.0	100	27	21	33	19	0.683	0	Plant	High	100.0	3
48.0	52.0	100	34	18	28	20	0.782	0	Bacteria	High	100.0	3
56.0	44.0	100	21	23	28	28	0.141	1	Bacteria	High	100.0	3
51.0	49.0	100	24	25	29	22	0.712	0	Virus	Medium	100.0	2
47.0	53.0	100	28	25	25	22	0.226	1	Plant	Low	100.0	1
42.0	58.0	100	31	27	29	13	0.372	0	Virus	Low	100.0	1
50.0	50.0	100	23	27	21	29	0.934	1	Human	Medium	100.0	2
52.0	48.0	100	27	21	29	23	0.656	0	Plant	High	100.0	3
54.0	46.0	100	19	27	32	22	0.456	0	Virus	Low	100.0	1
49.0	51.0	100	30	21	15	34	0.652	1	Bacteria	High	100.0	3
43.0	57.0	100	34	23	23	20	0.697	1	Bacteria	Low	100.0	1
53.0	47.0	100	18	29	26	27	0.508	1	Plant	Medium	100.0	2
46.0	54.0	100	22	32	25	21	0.525	0	Virus	Low	100.0	1
47.0	53.0	100	32	21	26	21	0.49	0	Plant	Low	100.0	1
53.0	47.0	100	28	19	33	20	0.867	0	Human	Low	100.0	1
46.0	54.0	100	31	23	22	24	0.728	1	Virus	Low	100.0	1
51.0	49.0	100	23	26	29	22	0.994	1	Virus	Low	100.0	1
60.0	40.0	100	25	15	27	33	0.797	1	Bacteria	Medium	100.0	2
40.0	60.0	100	31	29	24	16	0.805	0	Bacteria	Medium	100.0	2
53.0	47.0	100	24	23	28	25	0.258	1	Plant	Medium	100.0	2
47.0	53.0	100	22	31	21	26	0.7	0	Bacteria	High	100.0	3
48.0	52.0	100	29	23	24	24	0.635	0	Bacteria	High	100.0	3
51.0	49.0	100	25	24	24	27	0.177	1	Human	Low	100.0	1
53.0	47.0	100	25	22	27	26	0.339	1	Human	Medium	100.0	2
57.0	43.0	100	19	24	34	23	0.27	0	Virus	Low	100.0	1
50.0	50.0	100	26	24	25	25	0.631	0	Human	High	100.0	3
49.0	51.0	100	24	27	24	25	0.299	0	Bacteria	Low	100.0	1
48.0	52.0	100	28	24	24	24	0.129	1	Human	Low	100.0	1
52.0	48.0	100	26	22	21	31	0.853	0	Virus	Medium	100.0	2
38.0	62.0	100	27	35	21	17	0.227	1	Human	Medium	100.0	2
37.0	63.0	100	39	24	23	14	0.476	0	Bacteria	High	100.0	3
47.0	53.0	100	22	31	26	21	0.14	1	Bacteria	High	100.0	3
54.0	46.0	100	24	22	29	25	0.367	1	Bacteria	Medium	100.0	2
46.0	54.0	100	30	24	20	26	0.833	0	Bacteria	High	100.0	3
41.0	59.0	100	30	29	22	19	0.677	0	Human	Medium	100.0	2
64.0	36.0	100	23	13	28	36	0.607	0	Bacteria	Low	100.0	1
50.0	50.0	100	23	27	26	24	0.579	1	Virus	High	100.0	3
51.0	49.0	100	24	25	21	30	0.385	0	Virus	Low	100.0	1
47.0	53.0	100	22	31	25	22	0.406	0	Bacteria	Medium	100.0	2
43.0	57.0	100	32	25	13	30	0.378	0	Bacteria	High	100.0	3
39.0	61.0	100	30	31	22	17	0.34	0	Virus	Low	100.0	1
48.0	52.0	100	22	30	24	24	0.502	0	Plant	Low	100.0	1
57.0	43.0	100	29	14	31	26	0.381	1	Bacteria	Medium	100.0	2
51.0	49.0	100	23	26	22	29	0.394	0	Human	Medium	100.0	2
47.0	53.0	100	25	28	23	24	0.781	0	Plant	Medium	100.0	2
61.0	39.0	100	18	21	33	28	0.963	1	Virus	Low	100.0	1
47.0	53.0	100	27	26	27	20	0.795	1	Virus	High	100.0	3
49.0	51.0	100	25	26	25	24	0.407	0	Human	Medium	100.0	2
44.0	56.0	100	31	25	22	22	0.777	1	Human	Low	100.0	1
55.0	45.0	100	23	22	24	31	0.987	1	Virus	Low	100.0	1
50.0	50.0	100	24	26	26	24	0.659	1	Human	High	100.0	3
51.0	49.0	100	25	24	22	29	0.982	1	Human	Medium	100.0	2
56.0	44.0	100	28	16	29	27	0.813	0	Plant	High	100.0	3
57.0	43.0	100	17	26	22	35	0.272	0	Human	High	100.0	3
56.0	44.0	100	25	19	33	23	0.939	1	Virus	Low	100.0	1
46.0	54.0	100	27	27	31	15	0.985	0	Plant	Medium	100.0	2
58.0	42.0	100	19	23	25	33	0.523	0	Bacteria	Medium	100.0	2
59.0	41.0	100	22	19	32	27	0.694	0	Human	Low	100.0	1
49.0	51.0	100	26	25	25	24	0.148	1	Bacteria	Low	100.0	1
47.0	53.0	100	17	36	22	25	0.802	0	Virus	Medium	100.0	2
46.0	54.0	100	25	29	21	25	0.476	0	Bacteria	High	100.0	3
49.0	51.0	100	31	20	24	25	0.757	0	Plant	Medium	100.0	2
43.0	57.0	100	32	25	21	22	0.129	1	Virus	Low	100.0	1
50.0	50.0	100	23	27	24	26	0.498	1	Human	Low	100.0	1
48.0	52.0	100	24	28	21	27	0.372	1	Human	High	100.0	3
50.0	50.0	100	23	27	27	23	0.563	0	Plant	Low	100.0	1
51.0	49.0	100	28	21	26	25	0.893	0	Human	High	100.0	3
43.0	57.0	100	25	32	21	22	0.28	0	Bacteria	High	100.0	3
51.0	49.0	100	40	9	26	25	0.719	0	Bacteria	Medium	100.0	2
54.0	46.0	100	20	26	27	27	0.592	1	Bacteria	Low	100.0	1
48.0	52.0	100	31	21	25	23	0.299	0	Plant	Low	100.0	1
47.0	53.0	100	26	27	24	23	0.501	1	Virus	Medium	100.0	2
54.0	46.0	100	19	27	31	23	0.658	0	Virus	High	100.0	3
49.0	51.0	100	26	25	23	26	0.802	1	Human	High	100.0	3
51.0	49.0	100	22	27	26	25	0.331	1	Plant	Low	100.0	1
45.0	55.0	100	32	23	26	19	0.908	0	Bacteria	Medium	100.0	2
46.0	54.0	100	26	28	24	22	0.645	1	Plant	Medium	100.0	2
49.0	51.0	100	24	27	24	25	0.635	1	Plant	Medium	100.0	2
46.0	54.0	100	22	32	18	28	0.345	0	Plant	Low	100.0	1
49.0	51.0	100	26	25	21	28	0.659	1	Plant	Medium	100.0	2
53.0	47.0	100	25	22	33	20	0.563	0	Human	High	100.0	3
52.0	48.0	100	31	17	23	29	0.81	1	Plant	Medium	100.0	2
45.0	55.0	100	28	27	26	19	0.388	0	Bacteria	Medium	100.0	2
52.0	48.0	100	19	29	28	24	0.483	1	Human	High	100.0	3
58.0	42.0	100	25	17	27	31	0.352	0	Virus	High	100.0	3
46.0	54.0	100	26	28	17	29	0.407	0	Bacteria	Medium	100.0	2
55.0	45.0	100	29	16	34	21	0.728	1	Plant	Low	100.0	1
51.0	49.0	100	22	27	26	25	0.352	1	Human	High	100.0	3
51.0	49.0	100	18	31	25	26	0.551	1	Plant	Medium	100.0	2
55.0	45.0	100	14	31	31	24	0.159	0	Virus	High	100.0	3
59.0	41.0	100	24	17	31	28	0.547	1	Virus	Low	100.0	1
53.0	47.0	100	24	23	23	30	0.315	0	Human	High	100.0	3
54.0	46.0	100	23	23	26	28	0.349	1	Human	Medium	100.0	2
49.0	51.0	100	25	26	18	31	0.896	1	Virus	Medium	100.0	2
44.0	56.0	100	31	25	25	19	0.718	1	Virus	High	100.0	3
53.0	47.0	100	17	30	29	24	0.925	0	Bacteria	High	100.0	3
44.0	56.0	100	28	28	23	21	0.882	1	Plant	Medium	100.0	2
54.0	46.0	100	21	25	34	20	0.33	0	Human	High	100.0	3
51.0	49.0	100	30	19	20	31	0.954	1	Plant	High	100.0	3
50.0	50.0	100	26	24	25	25	0.424	0	Plant	High	100.0	3
54.0	46.0	100	27	19	22	32	0.454	0	Plant	Low	100.0	1
49.0	51.0	100	27	24	19	30	0.13	0	Bacteria	Low	100.0	1
51.0	49.0	100	24	25	27	24	0.571	1	Virus	High	100.0	3
48.0	52.0	100	18	34	24	24	0.45	0	Bacteria	High	100.0	3
58.0	42.0	100	16	26	32	26	0.211	0	Human	Low	100.0	1
49.0	51.0	100	23	28	28	21	0.354	0	Bacteria	Medium	100.0	2
47.0	53.0	100	31	22	25	22	0.27	1	Human	High	100.0	3
41.0	59.0	100	26	33	23	18	0.108	1	Human	Low	100.0	1
46.0	54.0	100	28	26	25	21	0.401	0	Human	Medium	100.0	2
53.0	47.0	100	22	25	28	25	0.359	1	Plant	High	100.0	3
53.0	47.0	100	23	24	21	32	0.405	1	Plant	Medium	100.0	2
55.0	45.0	100	22	23	28	27	0.104	0	Bacteria	Medium	100.0	2
52.0	48.0	100	28	20	24	28	0.272	1	Bacteria	Medium	100.0	2
46.0	54.0	100	28	26	23	23	0.455	1	Human	Medium	100.0	2
50.0	50.0	100	28	22	23	27	0.947	0	Human	High	100.0	3
46.0	54.0	100	24	30	26	20	0.67	0	Bacteria	Medium	100.0	2
51.0	49.0	100	27	22	22	29	0.393	1	Virus	Low	100.0	1
52.0	48.0	100	21	27	26	26	0.477	0	Plant	High	100.0	3
52.0	48.0	100	22	26	23	29	0.746	0	Bacteria	Medium	100.0	2
51.0	49.0	100	25	24	26	25	0.265	1	Bacteria	Low	100.0	1
50.0	50.0	100	18	32	21	29	0.394	0	Human	Low	100.0	1
58.0	42.0	100	17	25	30	28	0.498	0	Human	Medium	100.0	2
45.0	55.0	100	24	31	27	18	0.285	0	Bacteria	High	100.0	3
46.0	54.0	100	28	26	24	22	0.836	1	Bacteria	Medium	100.0	2
52.0	48.0	100	27	21	23	29	0.632	1	Human	High	100.0	3
49.0	51.0	100	26	25	22	27	0.701	0	Bacteria	Medium	100.0	2
55.0	45.0	100	22	23	29	26	0.163	0	Virus	High	100.0	3
52.0	48.0	100	24	24	25	27	0.674	1	Plant	High	100.0	3
61.0	39.0	100	16	23	29	32	0.948	0	Bacteria	Low	100.0	1
50.0	50.0	100	23	27	23	27	0.337	0	Human	Medium	100.0	2
51.0	49.0	100	27	22	29	22	0.284	0	Virus	Low	100.0	1
52.0	48.0	100	16	32	29	23	0.684	0	Virus	High	100.0	3
54.0	46.0	100	23	23	28	26	0.267	1	Plant	High	100.0	3
46.0	54.0	100	27	27	23	23	0.815	1	Plant	High	100.0	3
55.0	45.0	100	19	26	24	31	0.251	0	Plant	High	100.0	3
41.0	59.0	100	34	25	22	19	0.472	1	Virus	Low	100.0	1
50.0	50.0	100	26	24	24	26	0.925	0	Virus	Medium	100.0	2
40.0	60.0	100	36	24	16	24	0.121	1	Human	Medium	100.0	2
54.0	46.0	100	22	24	32	22	0.633	1	Virus	High	100.0	3
62.0	38.0	100	23	15	34	28	0.548	1	Bacteria	Low	100.0	1
54.0	46.0	100	24	22	33	21	0.76	1	Virus	Medium	100.0	2
48.0	52.0	100	20	32	22	26	0.669	0	Virus	Medium	100.0	2
52.0	48.0	100	26	22	32	20	0.794	0	Bacteria	High	100.0	3
47.0	53.0	100	28	25	21	26	0.529	1	Plant	High	100.0	3
43.0	57.0	100	29	28	18	25	0.215	0	Virus	Medium	100.0	2
51.0	49.0	100	25	24	26	25	0.846	0	Human	Medium	100.0	2
52.0	48.0	100	25	23	22	30	0.695	0	Virus	High	100.0	3
50.0	50.0	100	29	21	23	27	0.33	1	Bacteria	Low	100.0	1
38.0	62.0	100	29	33	22	16	0.915	1	Plant	Medium	100.0	2
55.0	45.0	100	22	23	27	28	0.702	0	Virus	High	100.0	3
61.0	39.0	100	18	21	28	33	0.213	1	Human	High	100.0	3
52.0	48.0	100	21	27	25	27	0.724	0	Bacteria	High	100.0	3
53.0	47.0	100	22	25	21	32	0.769	1	Virus	Medium	100.0	2
50.0	50.0	100	24	26	32	18	0.453	0	Plant	High	100.0	3
52.0	48.0	100	17	31	28	24	0.973	0	Human	Low	100.0	1
48.0	52.0	100	21	31	22	26	0.213	1	Bacteria	Medium	100.0	2
49.0	51.0	100	19	32	18	31	0.463	0	Virus	High	100.0	3
52.0	48.0	100	24	24	31	21	0.193	0	Plant	Medium	100.0	2
54.0	46.0	100	25	21	34	20	0.768	1	Bacteria	Medium	100.0	2
50.0	50.0	100	26	24	29	21	0.816	1	Plant	Low	100.0	1
48.0	52.0	100	29	23	23	25	0.796	0	Bacteria	Low	100.0	1
54.0	46.0	100	18	28	31	23	0.915	1	Human	Low	100.0	1
51.0	49.0	100	30	19	22	29	0.977	0	Virus	Low	100.0	1
45.0	55.0	100	32	23	22	23	0.998	0	Human	Medium	100.0	2
45.0	55.0	100	32	23	22	23	0.149	0	Plant	Medium	100.0	2
49.0	51.0	100	22	29	28	21	0.313	1	Bacteria	Medium	100.0	2
40.0	60.0	100	30	30	20	20	0.632	0	Bacteria	High	100.0	3
52.0	48.0	100	22	26	23	29	0.6	1	Virus	Low	100.0	1
48.0	52.0	100	23	29	27	21	0.113	0	Plant	High	100.0	3
56.0	44.0	100	20	24	26	30	0.942	1	Plant	Medium	100.0	2
51.0	49.0	100	25	24	24	27	0.396	1	Bacteria	Low	100.0	1
56.0	44.0	100	22	22	26	30	0.576	0	Plant	Medium	100.0	2
47.0	53.0	100	31	22	24	23	0.596	1	Human	Medium	100.0	2
36.0	64.0	100	33	31	13	23	0.269	0	Human	Low	100.0	1
46.0	54.0	100	22	32	26	20	0.885	1	Plant	Medium	100.0	2
57.0	43.0	100	18	25	30	27	0.469	0	Plant	Low	100.0	1
50.0	50.0	100	22	28	29	21	0.702	0	Bacteria	Low	100.0	1
42.0	58.0	100	30	28	20	22	0.471	1	Virus	Low	100.0	1
45.0	55.0	100	27	28	25	20	0.568	1	Human	High	100.0	3
52.0	48.0	100	24	24	25	27	0.219	0	Plant	Low	100.0	1
54.0	46.0	100	17	29	33	21	0.84	0	Plant	Low	100.0	1
52.0	48.0	100	23	25	28	24	0.705	0	Human	Medium	100.0	2
52.0	48.0	100	27	21	29	23	0.53	0	Plant	Low	100.0	1
58.0	42.0	100	18	24	31	27	0.599	1	Bacteria	Medium	100.0	2
49.0	51.0	100	20	31	25	24	0.661	1	Plant	Low	100.0	1
51.0	49.0	100	31	18	30	21	0.96	1	Human	Medium	100.0	2
49.0	51.0	100	31	20	23	26	0.22	0	Virus	High	100.0	3
45.0	55.0	100	29	26	23	22	0.737	0	Virus	Medium	100.0	2
50.0	50.0	100	24	26	25	25	0.162	1	Plant	High	100.0	3
48.0	52.0	100	17	35	20	28	0.436	1	Human	Low	100.0	1
41.0	59.0	100	36	23	17	24	0.381	0	Plant	Medium	100.0	2
50.0	50.0	100	25	25	25	25	0.136	0	Plant	Medium	100.0	2
52.0	48.0	100	21	27	21	31	0.374	1	Virus	Low	100.0	1
51.0	49.0	100	24	25	20	31	0.534	0	Bacteria	Medium	100.0	2
45.0	55.0	100	32	23	27	18	0.656	1	Plant	High	100.0	3
45.0	55.0	100	25	30	19	26	0.303	1	Human	Medium	100.0	2
54.0	46.0	100	26	20	27	27	0.443	0	Bacteria	Low	100.0	1
53.0	47.0	100	26	21	29	24	0.893	1	Human	Medium	100.0	2
48.0	52.0	100	25	27	25	23	0.683	1	Bacteria	Medium	100.0	2
53.0	47.0	100	28	19	25	28	0.354	1	Human	Low	100.0	1
52.0	48.0	100	21	27	31	21	0.609	0	Plant	Medium	100.0	2
56.0	44.0	100	22	22	21	35	0.745	0	Human	Medium	100.0	2
49.0	51.0	100	22	29	25	24	0.972	1	Virus	High	100.0	3
46.0	54.0	100	27	27	23	23	0.928	0	Bacteria	Medium	100.0	2
51.0	49.0	100	27	22	29	22	0.764	0	Virus	High	100.0	3
53.0	47.0	100	27	20	27	26	0.407	1	Human	Low	100.0	1
48.0	52.0	100	28	24	25	23	0.788	0	Bacteria	Medium	100.0	2
48.0	52.0	100	32	20	26	22	0.222	1	Bacteria	High	100.0	3
49.0	51.0	100	21	30	26	23	0.258	0	Bacteria	Medium	100.0	2
50.0	50.0	100	26	24	16	34	0.733	1	Bacteria	Medium	100.0	2
49.0	51.0	100	25	26	20	29	0.943	1	Virus	High	100.0	3
50.0	50.0	100	27	23	23	27	0.538	0	Bacteria	Low	100.0	1
43.0	57.0	100	32	25	20	23	0.272	1	Plant	High	100.0	3
60.0	40.0	100	20	20	40	20	0.338	1	Human	High	100.0	3
54.0	46.0	100	25	21	28	26	0.913	1	Bacteria	High	100.0	3
50.0	50.0	100	24	26	18	32	0.255	1	Bacteria	Low	100.0	1
41.0	59.0	100	26	33	16	25	0.417	1	Bacteria	Medium	100.0	2
53.0	47.0	100	21	26	28	25	0.526	0	Human	Low	100.0	1
51.0	49.0	100	25	24	24	27	0.718	0	Human	Low	100.0	1
55.0	45.0	100	19	26	25	30	0.502	0	Human	Medium	100.0	2
43.0	57.0	100	20	37	18	25	0.497	0	Plant	High	100.0	3
43.0	57.0	100	30	27	20	23	0.264	0	Plant	Low	100.0	1
47.0	53.0	100	25	28	28	19	0.176	1	Plant	High	100.0	3
48.0	52.0	100	26	26	21	27	0.859	0	Human	High	100.0	3
48.0	52.0	100	21	31	24	24	0.301	0	Virus	High	100.0	3
52.0	48.0	100	19	29	19	33	0.12	1	Plant	Medium	100.0	2
50.0	50.0	100	18	32	22	28	0.693	0	Virus	High	100.0	3
50.0	50.0	100	28	22	21	29	0.873	0	Human	Medium	100.0	2
47.0	53.0	100	29	24	23	24	0.869	1	Virus	Low	100.0	1
53.0	47.0	100	26	21	27	26	0.969	0	Virus	High	100.0	3
50.0	50.0	100	29	21	23	27	0.406	1	Bacteria	Low	100.0	1
43.0	57.0	100	28	29	20	23	0.225	1	Bacteria	Low	100.0	1
53.0	47.0	100	23	24	28	25	0.362	0	Human	Medium	100.0	2
47.0	53.0	100	23	30	21	26	0.987	1	Plant	High	100.0	3
54.0	46.0	100	25	21	28	26	0.594	1	Human	High	100.0	3
50.0	50.0	100	23	27	26	24	0.515	1	Human	Low	100.0	1
59.0	41.0	100	21	20	24	35	0.405	0	Human	High	100.0	3
47.0	53.0	100	27	26	18	29	0.784	0	Bacteria	Low	100.0	1
49.0	51.0	100	20	31	15	34	0.854	1	Bacteria	High	100.0	3
43.0	57.0	100	28	29	22	21	0.432	0	Bacteria	Low	100.0	1
45.0	55.0	100	25	30	20	25	0.633	0	Plant	Medium	100.0	2
50.0	50.0	100	28	22	26	24	0.857	0	Human	Low	100.0	1
43.0	57.0	100	25	32	16	27	0.1	1	Virus	High	100.0	3
56.0	44.0	100	27	17	29	27	0.3	0	Bacteria	Medium	100.0	2
52.0	48.0	100	26	22	22	30	0.605	1	Bacteria	High	100.0	3
52.0	48.0	100	26	22	20	32	0.519	0	Bacteria	Medium	100.0	2
54.0	46.0	100	24	22	26	28	0.598	0	Virus	Low	100.0	1
49.0	51.0	100	24	27	26	23	0.804	1	Plant	Low	100.0	1
43.0	57.0	100	32	25	22	21	0.508	0	Human	Medium	100.0	2
59.0	41.0	100	13	28	24	35	0.434	1	Human	High	100.0	3
57.0	43.0	100	24	19	28	29	0.617	0	Plant	Low	100.0	1
54.0	46.0	100	14	32	33	21	0.841	0	Plant	Medium	100.0	2
53.0	47.0	100	24	23	24	29	0.4	0	Plant	Medium	100.0	2
51.0	49.0	100	23	26	28	23	0.641	0	Virus	Low	100.0	1
57.0	43.0	100	19	24	27	30	0.614	1	Plant	High	100.0	3
54.0	46.0	100	25	21	25	29	0.285	1	Virus	High	100.0	3
46.0	54.0	100	28	26	22	24	0.18	0	Virus	High	100.0	3
52.0	48.0	100	27	21	26	26	0.278	1	Human	Medium	100.0	2
49.0	51.0	100	21	30	28	21	0.635	0	Human	Medium	100.0	2
49.0	51.0	100	32	19	28	21	0.333	1	Virus	High	100.0	3
60.0	40.0	100	25	15	24	36	0.58	0	Bacteria	Low	100.0	1
61.0	39.0	100	20	19	32	29	0.128	0	Plant	Medium	100.0	2
53.0	47.0	100	28	19	27	26	0.503	0	Bacteria	Low	100.0	1
54.0	46.0	100	23	23	24	30	0.622	0	Bacteria	Medium	100.0	2
45.0	55.0	100	28	27	26	19	0.606	1	Virus	Medium	100.0	2
54.0	46.0	100	20	26	26	28	0.514	1	Human	Low	100.0	1
47.0	53.0	100	32	21	25	22	0.996	1	Plant	High	100.0	3
52.0	48.0	100	27	21	28	24	0.47	0	Plant	High	100.0	3
51.0	49.0	100	26	23	33	18	0.484	1	Bacteria	Medium	100.0	2
54.0	46.0	100	25	21	27	27	0.748	1	Bacteria	Medium	100.0	2
41.0	59.0	100	26	33	22	19	0.845	0	Virus	Low	100.0	1
46.0	54.0	100	29	25	18	28	0.358	0	Human	Medium	100.0	2
55.0	45.0	100	18	27	27	28	0.783	0	Human	Low	100.0	1
55.0	45.0	100	18	27	26	29	0.414	1	Bacteria	Low	100.0	1
53.0	47.0	100	32	15	25	28	0.179	0	Virus	Medium	100.0	2
50.0	50.0	100	24	26	25	25	0.444	0	Bacteria	Medium	100.0	2
49.0	51.0	100	25	26	19	30	0.883	0	Virus	Low	100.0	1
45.0	55.0	100	29	26	19	26	0.933	0	Human	Low	100.0	1
53.0	47.0	100	13	34	23	30	0.765	0	Bacteria	Medium	100.0	2
41.0	59.0	100	32	27	16	25	0.893	1	Bacteria	High	100.0	3
57.0	43.0	100	22	21	29	28	0.12	1	Human	High	100.0	3
52.0	48.0	100	25	23	21	31	0.187	1	Bacteria	Medium	100.0	2
45.0	55.0	100	23	32	17	28	0.585	0	Plant	Medium	100.0	2
54.0	46.0	100	20	26	20	34	0.82	1	Bacteria	Medium	100.0	2
49.0	51.0	100	25	26	27	22	0.704	1	Virus	Medium	100.0	2
57.0	43.0	100	20	23	28	29	0.306	1	Bacteria	High	100.0	3
50.0	50.0	100	27	23	26	24	0.763	0	Human	High	100.0	3
49.0	51.0	100	25	26	24	25	0.472	0	Virus	High	100.0	3
41.0	59.0	100	28	31	23	18	0.35	1	Human	Medium	100.0	2
47.0	53.0	100	25	28	21	26	0.939	1	Human	High	100.0	3
48.0	52.0	100	28	24	28	20	0.22	0	Human	Medium	100.0	2
44.0	56.0	100	25	31	23	21	0.268	1	Bacteria	Medium	100.0	2
47.0	53.0	100	25	28	30	17	0.353	0	Virus	High	100.0	3
50.0	50.0	100	25	25	26	24	0.948	1	Virus	Low	100.0	1
45.0	55.0	100	24	31	23	22	0.632	1	Bacteria	High	100.0	3
47.0	53.0	100	25	28	22	25	0.485	1	Plant	Low	100.0	1
52.0	48.0	100	19	29	33	19	0.479	1	Bacteria	Low	100.0	1
51.0	49.0	100	29	20	28	23	0.568	1	Human	Medium	100.0	2
56.0	44.0	100	18	26	30	26	0.828	0	Human	High	100.0	3
46.0	54.0	100	28	26	26	20	0.299	0	Virus	High	100.0	3
51.0	49.0	100	22	27	22	29	0.561	0	Bacteria	Medium	100.0	2
45.0	55.0	100	27	28	22	23	0.821	0	Human	Medium	100.0	2
51.0	49.0	100	26	23	25	26	0.75	1	Bacteria	Medium	100.0	2
46.0	54.0	100	26	28	29	17	0.809	1	Virus	Low	100.0	1
62.0	38.0	100	21	17	26	36	0.458	1	Bacteria	High	100.0	3
52.0	48.0	100	20	28	33	19	0.982	0	Human	Medium	100.0	2
49.0	51.0	100	26	25	20	29	0.117	0	Human	Low	100.0	1
56.0	44.0	100	22	22	31	25	0.609	1	Plant	Medium	100.0	2
51.0	49.0	100	25	24	31	20	0.58	1	Plant	Medium	100.0	2
50.0	50.0	100	27	23	23	27	0.576	1	Human	Medium	100.0	2
45.0	55.0	100	32	23	23	22	0.732	1	Human	High	100.0	3
56.0	44.0	100	22	22	28	28	0.403	0	Bacteria	Medium	100.0	2
48.0	52.0	100	25	27	23	25	0.568	1	Bacteria	Low	100.0	1
55.0	45.0	100	24	21	32	23	0.908	1	Bacteria	Low	100.0	1
54.0	46.0	100	21	25	24	30	0.829	0	Human	Low	100.0	1
43.0	57.0	100	22	35	22	21	0.843	1	Bacteria	Medium	100.0	2
34.0	66.0	100	36	30	19	15	0.499	0	Plant	Medium	100.0	2
43.0	57.0	100	30	27	25	18	0.683	0	Bacteria	Low	100.0	1
51.0	49.0	100	25	24	21	30	0.456	1	Virus	High	100.0	3
57.0	43.0	100	18	25	32	25	0.974	0	Bacteria	Low	100.0	1
52.0	48.0	100	27	21	27	25	0.365	1	Virus	High	100.0	3
53.0	47.0	100	27	20	29	24	0.508	0	Human	High	100.0	3
48.0	52.0	100	30	22	26	22	0.832	0	Plant	Low	100.0	1
51.0	49.0	100	26	23	26	25	0.433	1	Bacteria	Low	100.0	1
56.0	44.0	100	17	27	26	30	0.309	0	Human	High	100.0	3
55.0	45.0	100	14	31	31	24	0.974	1	Bacteria	High	100.0	3
47.0	53.0	100	24	29	22	25	0.887	0	Virus	High	100.0	3
54.0	46.0	100	20	26	33	21	0.524	0	Plant	High	100.0	3
48.0	52.0	100	30	22	20	28	0.143	1	Virus	Medium	100.0	2
44.0	56.0	100	23	33	24	20	0.957	0	Plant	High	100.0	3
50.0	50.0	100	26	24	29	21	0.49	0	Human	Low	100.0	1
51.0	49.0	100	25	24	26	25	0.921	0	Virus	High	100.0	3
49.0	51.0	100	22	29	24	25	0.2	0	Bacteria	Medium	100.0	2
57.0	43.0	100	21	22	33	24	0.861	1	Human	Medium	100.0	2
42.0	58.0	100	22	36	25	17	0.96	0	Virus	Low	100.0	1
60.0	40.0	100	23	17	39	21	0.365	1	Plant	High	100.0	3
49.0	51.0	100	19	32	20	29	0.954	0	Plant	Medium	100.0	2
52.0	48.0	100	29	19	23	29	0.909	0	Human	High	100.0	3
56.0	44.0	100	19	25	31	25	0.299	0	Bacteria	Low	100.0	1
49.0	51.0	100	20	31	20	29	0.951	0	Human	Medium	100.0	2
46.0	54.0	100	30	24	20	26	0.12	0	Bacteria	Low	100.0	1
52.0	48.0	100	26	22	26	26	0.577	1	Plant	High	100.0	3
46.0	54.0	100	30	24	25	21	0.133	1	Plant	Medium	100.0	2
41.0	59.0	100	27	32	18	23	0.53	0	Plant	High	100.0	3
48.0	52.0	100	28	24	18	30	0.421	1	Plant	Low	100.0	1
59.0	41.0	100	20	21	22	37	0.489	0	Plant	High	100.0	3
58.0	42.0	100	29	13	34	24	0.977	0	Plant	Medium	100.0	2
51.0	49.0	100	26	23	31	20	0.447	1	Bacteria	Medium	100.0	2
55.0	45.0	100	21	24	28	27	0.985	1	Bacteria	Medium	100.0	2
48.0	52.0	100	25	27	26	22	0.46	0	Human	Medium	100.0	2
49.0	51.0	100	27	24	21	28	0.7	1	Plant	Medium	100.0	2
56.0	44.0	100	23	21	26	30	0.673	1	Bacteria	High	100.0	3
45.0	55.0	100	27	28	20	25	0.7	0	Human	High	100.0	3
46.0	54.0	100	30	24	24	22	0.547	1	Virus	Medium	100.0	2
52.0	48.0	100	20	28	27	25	0.797	0	Bacteria	High	100.0	3
50.0	50.0	100	17	33	30	20	0.276	1	Virus	Medium	100.0	2
48.0	52.0	100	29	23	24	24	0.62	0	Bacteria	Low	100.0	1
58.0	42.0	100	19	23	29	29	0.421	0	Plant	Low	100.0	1
50.0	50.0	100	23	27	21	29	0.103	0	Virus	Low	100.0	1
49.0	51.0	100	25	26	30	19	0.841	0	Human	High	100.0	3
55.0	45.0	100	23	22	25	30	0.922	1	Plant	Low	100.0	1
44.0	56.0	100	26	30	30	14	0.217	0	Plant	Medium	100.0	2
53.0	47.0	100	24	23	21	32	0.564	1	Virus	Medium	100.0	2
57.0	43.0	100	26	17	26	31	0.522	0	Human	Medium	100.0	2
54.0	46.0	100	28	18	25	29	0.913	0	Virus	Low	100.0	1
41.0	59.0	100	31	28	24	17	0.64	0	Human	Low	100.0	1
55.0	45.0	100	25	20	29	26	0.679	1	Human	Medium	100.0	2
52.0	48.0	100	27	21	24	28	0.909	1	Bacteria	High	100.0	3
50.0	50.0	100	22	28	27	23	0.448	0	Bacteria	Low	100.0	1
52.0	48.0	100	21	27	30	22	0.936	1	Human	Low	100.0	1
44.0	56.0	100	29	27	20	24	0.378	0	Virus	Low	100.0	1
41.0	59.0	100	29	30	23	18	0.142	1	Plant	High	100.0	3
45.0	55.0	100	30	25	25	20	0.118	0	Virus	Medium	100.0	2
47.0	53.0	100	24	29	30	17	0.71	0	Human	Medium	100.0	2
48.0	52.0	100	25	27	22	26	0.505	1	Virus	Low	100.0	1
52.0	48.0	100	19	29	22	30	0.783	1	Human	Low	100.0	1
44.0	56.0	100	25	31	19	25	0.608	1	Human	High	100.0	3
51.0	49.0	100	30	19	27	24	0.732	1	Plant	Medium	100.0	2
57.0	43.0	100	20	23	31	26	0.84	0	Human	Medium	100.0	2
46.0	54.0	100	25	29	17	29	0.688	1	Virus	Medium	100.0	2
52.0	48.0	100	16	32	28	24	0.892	0	Virus	High	100.0	3
46.0	54.0	100	28	26	20	26	0.559	1	Plant	High	100.0	3
48.0	52.0	100	26	26	29	19	0.193	1	Human	Medium	100.0	2
58.0	42.0	100	21	21	27	31	0.675	0	Bacteria	Medium	100.0	2
42.0	58.0	100	26	32	23	19	0.31	0	Bacteria	Low	100.0	1
49.0	51.0	100	29	22	20	29	0.321	0	Plant	Low	100.0	1
58.0	42.0	100	21	21	26	32	0.738	1	Human	Low	100.0	1
40.0	60.0	100	27	33	20	20	0.353	1	Human	High	100.0	3
52.0	48.0	100	24	24	26	26	0.383	0	Plant	High	100.0	3
52.0	48.0	100	22	26	27	25	0.737	0	Bacteria	Medium	100.0	2
51.0	49.0	100	25	24	30	21	0.859	0	Plant	Low	100.0	1
51.0	49.0	100	18	31	23	28	0.898	0	Virus	Medium	100.0	2
59.0	41.0	100	24	17	32	27	0.944	1	Bacteria	Medium	100.0	2
54.0	46.0	100	25	21	20	34	0.132	0	Human	Medium	100.0	2
62.0	38.0	100	15	23	33	29	0.83	0	Human	Low	100.0	1
50.0	50.0	100	24	26	33	17	0.858	1	Virus	Low	100.0	1
53.0	47.0	100	20	27	29	24	0.546	0	Bacteria	High	100.0	3
49.0	51.0	100	26	25	19	30	0.679	0	Virus	Low	100.0	1
43.0	57.0	100	25	32	21	22	0.906	0	Plant	Medium	100.0	2
49.0	51.0	100	30	21	27	22	0.329	0	Human	Low	100.0	1
54.0	46.0	100	27	19	30	24	0.948	0	Bacteria	Medium	100.0	2
47.0	53.0	100	28	25	22	25	0.118	1	Virus	High	100.0	3
50.0	50.0	100	28	22	24	26	0.754	1	Plant	Low	100.0	1
46.0	54.0	100	29	25	26	20	0.666	0	Virus	High	100.0	3
44.0	56.0	100	25	31	21	23	0.858	0	Virus	Low	100.0	1
39.0	61.0	100	33	28	19	20	0.587	1	Bacteria	High	100.0	3
48.0	52.0	100	30	22	30	18	0.981	0	Bacteria	Medium	100.0	2
62.0	38.0	100	21	17	26	36	0.817	1	Bacteria	Medium	100.0	2
50.0	50.0	100	24	26	30	20	0.907	0	Human	Medium	100.0	2
54.0	46.0	100	19	27	23	31	0.372	1	Plant	Low	100.0	1
43.0	57.0	100	28	29	18	25	0.941	1	Bacteria	Low	100.0	1
48.0	52.0	100	30	22	24	24	0.381	0	Virus	Medium	100.0	2
51.0	49.0	100	22	27	29	22	0.898	0	Virus	Medium	100.0	2
44.0	56.0	100	28	28	19	25	0.705	1	Human	High	100.0	3
43.0	57.0	100	30	27	23	20	0.859	1	Plant	Medium	100.0	2
49.0	51.0	100	23	28	26	23	0.617	0	Virus	Medium	100.0	2
52.0	48.0	100	21	27	26	26	0.127	1	Virus	Medium	100.0	2
44.0	56.0	100	29	27	18	26	0.434	1	Human	High	100.0	3
49.0	51.0	100	19	32	28	21	0.282	1	Human	Low	100.0	1
45.0	55.0	100	25	30	18	27	0.628	1	Virus	Low	100.0	1
45.0	55.0	100	28	27	22	23	0.654	0	Plant	High	100.0	3
56.0	44.0	100	19	25	28	28	0.854	0	Bacteria	High	100.0	3
52.0	48.0	100	23	25	19	33	0.857	0	Virus	High	100.0	3
55.0	45.0	100	20	25	21	34	0.166	1	Bacteria	Medium	100.0	2
57.0	43.0	100	22	21	21	36	0.733	1	Bacteria	Medium	100.0	2
46.0	54.0	100	32	22	18	28	0.375	0	Virus	Low	100.0	1
43.0	57.0	100	28	29	23	20	0.225	0	Bacteria	Low	100.0	1
52.0	48.0	100	27	21	25	27	0.277	0	Bacteria	Low	100.0	1
44.0	56.0	100	31	25	28	16	0.875	1	Plant	High	100.0	3
48.0	52.0	100	27	25	18	30	0.911	1	Virus	High	100.0	3
49.0	51.0	100	27	24	25	24	0.977	0	Human	High	100.0	3
57.0	43.0	100	23	20	30	27	0.607	1	Bacteria	Medium	100.0	2
50.0	50.0	100	31	19	26	24	0.366	1	Human	Low	100.0	1
55.0	45.0	100	24	21	28	27	0.242	1	Bacteria	High	100.0	3
61.0	39.0	100	14	25	30	31	0.601	1	Plant	Medium	100.0	2
51.0	49.0	100	28	21	21	30	0.91	1	Bacteria	High	100.0	3
42.0	58.0	100	32	26	14	28	0.378	0	Human	Low	100.0	1
55.0	45.0	100	26	19	27	28	0.405	0	Human	Medium	100.0	2
46.0	54.0	100	20	34	25	21	0.34	1	Virus	Low	100.0	1
54.0	46.0	100	27	19	28	26	0.652	1	Virus	Low	100.0	1
52.0	48.0	100	18	30	19	33	0.548	0	Bacteria	Medium	100.0	2
56.0	44.0	100	18	26	33	23	0.806	0	Bacteria	Low	100.0	1
57.0	43.0	100	20	23	25	32	0.525	0	Virus	Low	100.0	1
51.0	49.0	100	24	25	28	23	0.548	0	Human	Low	100.0	1
59.0	41.0	100	22	19	36	23	0.256	0	Virus	High	100.0	3
44.0	56.0	100	28	28	18	26	0.635	1	Plant	Medium	100.0	2
50.0	50.0	100	22	28	28	22	0.46	1	Plant	Low	100.0	1
55.0	45.0	100	27	18	27	28	0.292	0	Human	Medium	100.0	2
50.0	50.0	100	27	23	27	23	0.868	1	Plant	Medium	100.0	2
51.0	49.0	100	23	26	29	22	0.708	0	Plant	High	100.0	3
51.0	49.0	100	20	29	23	28	0.819	1	Bacteria	Medium	100.0	2
44.0	56.0	100	24	32	22	22	0.537	0	Plant	Medium	100.0	2
48.0	52.0	100	33	19	23	25	0.423	1	Virus	Medium	100.0	2
52.0	48.0	100	22	26	31	21	0.291	1	Human	High	100.0	3
52.0	48.0	100	16	32	25	27	0.674	1	Human	Medium	100.0	2
46.0	54.0	100	28	26	23	23	0.307	1	Bacteria	Medium	100.0	2
53.0	47.0	100	29	18	30	23	0.799	0	Human	High	100.0	3
49.0	51.0	100	28	23	17	32	0.9	1	Human	Medium	100.0	2
44.0	56.0	100	27	29	23	21	0.714	1	Virus	Medium	100.0	2
48.0	52.0	100	23	29	21	27	0.231	1	Virus	Low	100.0	1
48.0	52.0	100	25	27	27	21	0.469	1	Plant	Medium	100.0	2
51.0	49.0	100	23	26	28	23	0.737	1	Virus	Low	100.0	1
44.0	56.0	100	28	28	24	20	0.656	0	Virus	Low	100.0	1
50.0	50.0	100	25	25	24	26	0.657	1	Plant	Low	100.0	1
51.0	49.0	100	26	23	27	24	0.803	1	Human	Medium	100.0	2
51.0	49.0	100	24	25	21	30	0.976	0	Plant	High	100.0	3
49.0	51.0	100	28	23	23	26	0.864	1	Virus	Low	100.0	1
52.0	48.0	100	28	20	27	25	0.256	1	Human	High	100.0	3
52.0	48.0	100	22	26	25	27	0.784	0	Human	High	100.0	3
50.0	50.0	100	24	26	27	23	0.375	0	Plant	Low	100.0	1
45.0	55.0	100	28	27	31	14	0.39	0	Virus	High	100.0	3
55.0	45.0	100	27	18	27	28	0.6	0	Human	Medium	100.0	2
47.0	53.0	100	25	28	24	23	0.247	0	Plant	High	100.0	3
51.0	49.0	100	25	24	22	29	0.795	0	Plant	Medium	100.0	2
56.0	44.0	100	19	25	29	27	0.93	1	Virus	High	100.0	3
52.0	48.0	100	27	21	30	22	0.347	1	Plant	Low	100.0	1
53.0	47.0	100	22	25	25	28	0.327	1	Plant	Low	100.0	1
55.0	45.0	100	27	18	26	29	0.892	0	Bacteria	Low	100.0	1
51.0	49.0	100	27	22	26	25	0.352	0	Virus	Medium	100.0	2
50.0	50.0	100	21	29	32	18	0.633	0	Bacteria	High	100.0	3
49.0	51.0	100	31	20	23	26	0.356	1	Virus	Low	100.0	1
40.0	60.0	100	31	29	23	17	0.755	1	Virus	Low	100.0	1
51.0	49.0	100	22	27	25	26	0.412	1	Plant	Low	100.0	1
44.0	56.0	100	21	35	32	12	0.463	0	Virus	Medium	100.0	2
51.0	49.0	100	26	23	28	23	0.122	0	Plant	Medium	100.0	2
50.0	50.0	100	29	21	27	23	0.344	0	Human	High	100.0	3
49.0	51.0	100	27	24	22	27	0.532	0	Plant	High	100.0	3
55.0	45.0	100	26	19	37	18	0.542	1	Plant	Low	100.0	1
44.0	56.0	100	35	21	23	21	0.746	0	Plant	Medium	100.0	2
52.0	48.0	100	24	24	22	30	0.316	1	Bacteria	High	100.0	3
46.0	54.0	100	31	23	22	24	0.853	1	Plant	Low	100.0	1
44.0	56.0	100	25	31	23	21	0.899	0	Virus	Low	100.0	1
52.0	48.0	100	25	23	25	27	0.281	0	Bacteria	Low	100.0	1
46.0	54.0	100	29	25	24	22	0.939	0	Bacteria	Medium	100.0	2
48.0	52.0	100	26	26	23	25	0.486	0	Bacteria	High	100.0	3
45.0	55.0	100	25	30	15	30	0.603	1	Bacteria	Low	100.0	1
53.0	47.0	100	22	25	27	26	0.398	1	Human	Medium	100.0	2
51.0	49.0	100	22	27	21	30	0.709	1	Virus	Medium	100.0	2
56.0	44.0	100	17	27	25	31	0.838	1	Human	High	100.0	3
56.0	44.0	100	23	21	28	28	0.748	1	Virus	High	100.0	3
48.0	52.0	100	29	23	23	25	0.909	1	Human	High	100.0	3
53.0	47.0	100	25	22	25	28	0.375	1	Human	Medium	100.0	2
48.0	52.0	100	25	27	25	23	0.405	1	Virus	Low	100.0	1
49.0	51.0	100	29	22	24	25	0.936	0	Human	Medium	100.0	2
46.0	54.0	100	28	26	24	22	0.921	1	Plant	Low	100.0	1
48.0	52.0	100	21	31	25	23	0.382	1	Plant	High	100.0	3
40.0	60.0	100	25	35	21	19	0.149	1	Virus	Low	100.0	1
52.0	48.0	100	25	23	27	25	0.805	0	Human	Medium	100.0	2
48.0	52.0	100	21	31	27	21	0.484	0	Virus	High	100.0	3
52.0	48.0	100	23	25	26	26	0.228	1	Human	Medium	100.0	2
51.0	49.0	100	23	26	25	26	0.744	0	Plant	High	100.0	3
42.0	58.0	100	23	35	21	21	0.41	1	Human	Low	100.0	1
50.0	50.0	100	25	25	24	26	0.122	1	Human	Medium	100.0	2
55.0	45.0	100	27	18	27	28	0.535	1	Human	Medium	100.0	2
50.0	50.0	100	22	28	22	28	0.824	1	Virus	Low	100.0	1
51.0	49.0	100	25	24	24	27	0.174	0	Virus	Low	100.0	1
52.0	48.0	100	24	24	28	24	0.382	0	Virus	High	100.0	3
52.0	48.0	100	25	23	24	28	0.701	0	Plant	High	100.0	3
55.0	45.0	100	23	22	27	28	0.551	0	Virus	Medium	100.0	2
51.0	49.0	100	27	22	25	26	0.788	0	Virus	High	100.0	3
51.0	49.0	100	30	19	21	30	0.746	0	Bacteria	Low	100.0	1
46.0	54.0	100	23	31	20	26	0.363	1	Virus	Medium	100.0	2
47.0	53.0	100	29	24	21	26	0.419	0	Virus	Medium	100.0	2
56.0	44.0	100	25	19	28	28	0.349	1	Virus	High	100.0	3
48.0	52.0	100	25	27	25	23	0.989	1	Plant	Low	100.0	1
48.0	52.0	100	22	30	29	19	0.296	1	Human	High	100.0	3
50.0	50.0	100	26	24	22	28	0.411	1	Virus	Medium	100.0	2
49.0	51.0	100	32	19	23	26	0.389	0	Plant	Medium	100.0	2
61.0	39.0	100	15	24	31	30	0.363	1	Virus	High	100.0	3
54.0	46.0	100	19	27	26	28	0.944	0	Human	High	100.0	3
53.0	47.0	100	27	20	26	27	0.64	1	Plant	Medium	100.0	2
51.0	49.0	100	27	22	26	25	0.626	0	Bacteria	Medium	100.0	2
49.0	51.0	100	26	25	33	16	0.984	1	Bacteria	High	100.0	3
50.0	50.0	100	23	27	24	26	0.391	1	Human	Low	100.0	1
53.0	47.0	100	26	21	23	30	0.563	1	Human	Medium	100.0	2
54.0	46.0	100	18	28	24	30	0.653	1	Virus	Low	100.0	1
51.0	49.0	100	25	24	29	22	0.291	1	Plant	High	100.0	3
63.0	37.0	100	20	17	38	25	0.221	1	Human	Medium	100.0	2
52.0	48.0	100	23	25	24	28	0.558	1	Bacteria	Medium	100.0	2
49.0	51.0	100	26	25	25	24	0.779	1	Bacteria	High	100.0	3
49.0	51.0	100	21	30	20	29	0.706	0	Bacteria	Low	100.0	1
54.0	46.0	100	26	20	24	30	0.471	1	Bacteria	Medium	100.0	2
50.0	50.0	100	26	24	18	32	0.203	0	Virus	Medium	100.0	2
51.0	49.0	100	24	25	18	33	0.282	1	Plant	Low	100.0	1
58.0	42.0	100	20	22	27	31	0.868	0	Bacteria	High	100.0	3
48.0	52.0	100	26	26	20	28	0.567	0	Virus	High	100.0	3
46.0	54.0	100	28	26	20	26	0.58	0	Plant	High	100.0	3
53.0	47.0	100	22	25	33	20	0.437	0	Bacteria	Medium	100.0	2
61.0	39.0	100	19	20	32	29	0.929	0	Virus	High	100.0	3
45.0	55.0	100	28	27	30	15	0.683	1	Bacteria	Medium	100.0	2
51.0	49.0	100	21	28	25	26	0.555	1	Bacteria	Medium	100.0	2
56.0	44.0	100	21	23	27	29	0.196	1	Plant	Medium	100.0	2
53.0	47.0	100	22	25	31	22	0.563	0	Virus	Low	100.0	1
45.0	55.0	100	33	22	26	19	0.696	0	Virus	High	100.0	3
35.0	65.0	100	31	34	16	19	0.968	1	Plant	High	100.0	3
43.0	57.0	100	24	33	17	26	0.279	1	Plant	Medium	100.0	2
52.0	48.0	100	19	29	30	22	0.991	0	Plant	Medium	100.0	2
44.0	56.0	100	27	29	20	24	0.637	1	Virus	High	100.0	3
48.0	52.0	100	33	19	24	24	0.594	0	Plant	Low	100.0	1
54.0	46.0	100	29	17	28	26	0.327	1	Bacteria	High	100.0	3
46.0	54.0	100	26	28	22	24	0.846	1	Bacteria	Medium	100.0	2
53.0	47.0	100	28	19	30	23	0.12	0	Bacteria	Medium	100.0	2
57.0	43.0	100	13	30	25	32	0.811	1	Plant	High	100.0	3
51.0	49.0	100	26	23	21	30	0.26	0	Human	Medium	100.0	2
50.0	50.0	100	31	19	23	27	0.599	1	Bacteria	Medium	100.0	2
41.0	59.0	100	28	31	17	24	0.834	1	Bacteria	Low	100.0	1
47.0	53.0	100	25	28	27	20	0.777	0	Human	Medium	100.0	2
53.0	47.0	100	20	27	28	25	0.27	0	Human	High	100.0	3
56.0	44.0	100	26	18	28	28	0.384	1	Bacteria	Medium	100.0	2
48.0	52.0	100	23	29	27	21	0.603	0	Human	Medium	100.0	2
47.0	53.0	100	29	24	23	24	0.254	0	Virus	High	100.0	3
47.0	53.0	100	21	32	26	21	0.957	1	Plant	High	100.0	3
50.0	50.0	100	27	23	22	28	0.687	0	Plant	Low	100.0	1
46.0	54.0	100	22	32	30	16	0.939	1	Virus	Medium	100.0	2
44.0	56.0	100	27	29	26	18	0.973	0	Human	High	100.0	3
45.0	55.0	100	32	23	22	23	0.389	0	Human	Low	100.0	1
61.0	39.0	100	22	17	35	26	0.389	0	Human	Medium	100.0	2
41.0	59.0	100	33	26	29	12	0.802	0	Human	Medium	100.0	2
59.0	41.0	100	20	21	31	28	0.266	1	Bacteria	High	100.0	3
65.0	35.0	100	17	18	26	39	0.209	1	Plant	Low	100.0	1
49.0	51.0	100	25	26	25	24	0.288	0	Human	Low	100.0	1
51.0	49.0	100	23	26	30	21	0.162	0	Human	Medium	100.0	2
59.0	41.0	100	19	22	31	28	0.61	0	Virus	High	100.0	3
49.0	51.0	100	35	16	16	33	0.209	0	Virus	Medium	100.0	2
44.0	56.0	100	25	31	18	26	0.834	0	Human	Medium	100.0	2
46.0	54.0	100	29	25	23	23	0.176	0	Plant	Medium	100.0	2
62.0	38.0	100	21	17	29	33	0.894	0	Human	High	100.0	3
54.0	46.0	100	23	23	29	25	0.355	0	Virus	Low	100.0	1
42.0	58.0	100	30	28	28	14	0.539	0	Virus	High	100.0	3
46.0	54.0	100	29	25	25	21	0.118	0	Human	Low	100.0	1
55.0	45.0	100	24	21	30	25	0.941	1	Virus	Low	100.0	1
46.0	54.0	100	32	22	17	29	0.533	1	Human	High	100.0	3
49.0	51.0	100	26	25	26	23	0.979	0	Plant	Medium	100.0	2
52.0	48.0	100	22	26	24	28	0.355	0	Bacteria	Low	100.0	1
44.0	56.0	100	25	31	23	21	0.152	1	Plant	Low	100.0	1
59.0	41.0	100	21	20	36	23	0.65	1	Virus	Low	100.0	1
61.0	39.0	100	18	21	35	26	0.896	1	Plant	Medium	100.0	2
57.0	43.0	100	16	27	33	24	0.896	0	Plant	High	100.0	3
50.0	50.0	100	25	25	25	25	0.395	1	Bacteria	Medium	100.0	2
50.0	50.0	100	23	27	28	22	0.198	0	Virus	High	100.0	3
58.0	42.0	100	22	20	32	26	0.903	0	Virus	High	100.0	3
47.0	53.0	100	15	38	28	19	0.541	0	Bacteria	Medium	100.0	2
45.0	55.0	100	16	39	24	21	0.999	0	Virus	Medium	100.0	2
37.0	63.0	100	28	35	17	20	0.219	0	Bacteria	Low	100.0	1
51.0	49.0	100	29	20	24	27	0.573	1	Bacteria	High	100.0	3
52.0	48.0	100	19	29	30	22	0.343	1	Plant	High	100.0	3
51.0	49.0	100	22	27	30	21	0.355	0	Virus	Medium	100.0	2
50.0	50.0	100	28	22	27	23	0.56	0	Virus	Low	100.0	1
52.0	48.0	100	23	25	28	24	0.2	1	Plant	Low	100.0	1
52.0	48.0	100	24	24	25	27	0.628	0	Virus	Low	100.0	1
51.0	49.0	100	26	23	28	23	0.429	0	Plant	Medium	100.0	2
45.0	55.0	100	21	34	26	19	0.787	1	Bacteria	Medium	100.0	2
52.0	48.0	100	23	25	32	20	0.314	1	Virus	Low	100.0	1
49.0	51.0	100	26	25	20	29	0.884	0	Virus	Low	100.0	1
54.0	46.0	100	23	23	28	26	0.701	0	Plant	Low	100.0	1
58.0	42.0	100	25	17	29	29	0.863	1	Bacteria	Medium	100.0	2
44.0	56.0	100	26	30	17	27	0.797	0	Virus	Medium	100.0	2
53.0	47.0	100	25	22	17	36	0.256	1	Bacteria	Low	100.0	1
55.0	45.0	100	17	28	23	32	0.96	0	Plant	High	100.0	3
44.0	56.0	100	26	30	23	21	0.391	1	Plant	Low	100.0	1
37.0	63.0	100	31	32	16	21	0.167	1	Human	High	100.0	3
59.0	41.0	100	24	17	28	31	0.721	0	Human	Medium	100.0	2
44.0	56.0	100	28	28	23	21	0.302	0	Virus	Low	100.0	1
53.0	47.0	100	17	30	27	26	0.276	0	Virus	Medium	100.0	2
52.0	48.0	100	19	29	29	23	0.967	0	Plant	High	100.0	3
54.0	46.0	100	24	22	23	31	0.568	0	Virus	High	100.0	3
54.0	46.0	100	23	23	29	25	0.155	1	Virus	High	100.0	3
44.0	56.0	100	22	34	23	21	0.568	1	Virus	Low	100.0	1
52.0	48.0	100	19	29	28	24	0.293	1	Virus	Medium	100.0	2
44.0	56.0	100	26	30	25	19	0.144	1	Virus	High	100.0	3
49.0	51.0	100	25	26	26	23	0.248	0	Plant	Medium	100.0	2
54.0	46.0	100	23	23	29	25	0.449	0	Bacteria	Low	100.0	1
46.0	54.0	100	22	32	23	23	0.103	0	Human	Medium	100.0	2
36.0	64.0	100	30	34	20	16	0.29	0	Virus	Medium	100.0	2
55.0	45.0	100	22	23	28	27	0.244	1	Plant	Low	100.0	1
44.0	56.0	100	29	27	30	14	0.311	1	Bacteria	High	100.0	3
53.0	47.0	100	22	25	29	24	0.262	0	Plant	Low	100.0	1
44.0	56.0	100	25	31	24	20	0.754	0	Human	High	100.0	3
45.0	55.0	100	27	28	15	30	0.732	0	Human	Medium	100.0	2
47.0	53.0	100	29	24	26	21	0.579	0	Human	Low	100.0	1
61.0	39.0	100	22	17	27	34	0.685	1	Bacteria	Low	100.0	1
55.0	45.0	100	21	24	16	39	0.623	0	Plant	Low	100.0	1
53.0	47.0	100	24	23	25	28	0.687	0	Plant	Low	100.0	1
50.0	50.0	100	29	21	22	28	0.519	0	Virus	Medium	100.0	2
52.0	48.0	100	19	29	17	35	0.939	1	Human	Low	100.0	1
55.0	45.0	100	16	29	26	29	0.792	0	Virus	Low	100.0	1
49.0	51.0	100	29	22	23	26	0.747	1	Virus	High	100.0	3
52.0	48.0	100	24	24	26	26	0.255	1	Bacteria	High	100.0	3
42.0	58.0	100	30	28	24	18	0.475	0	Virus	Medium	100.0	2
57.0	43.0	100	21	22	28	29	0.944	1	Virus	High	100.0	3
48.0	52.0	100	27	25	23	25	0.327	1	Human	Medium	100.0	2
52.0	48.0	100	26	22	24	28	0.247	1	Bacteria	Medium	100.0	2
49.0	51.0	100	24	27	25	24	0.939	1	Bacteria	High	100.0	3
42.0	58.0	100	24	34	20	22	0.9	1	Plant	Low	100.0	1
57.0	43.0	100	23	20	26	31	0.972	1	Plant	Medium	100.0	2
50.0	50.0	100	19	31	23	27	0.816	1	Human	High	100.0	3
48.0	52.0	100	20	32	24	24	0.244	1	Virus	High	100.0	3
53.0	47.0	100	25	22	30	23	0.546	1	Human	Low	100.0	1
51.0	49.0	100	23	26	19	32	0.116	0	Human	High	100.0	3
58.0	42.0	100	24	18	28	30	0.603	0	Virus	High	100.0	3
60.0	40.0	100	25	15	20	40	0.548	0	Virus	Low	100.0	1
53.0	47.0	100	25	22	21	32	0.607	0	Plant	Low	100.0	1
54.0	46.0	100	23	23	24	30	0.863	1	Plant	Medium	100.0	2
49.0	51.0	100	26	25	24	25	0.835	1	Plant	Low	100.0	1
52.0	48.0	100	22	26	30	22	0.745	1	Plant	Medium	100.0	2
50.0	50.0	100	23	27	24	26	0.898	0	Plant	Low	100.0	1
51.0	49.0	100	25	24	28	23	0.434	0	Bacteria	Low	100.0	1
49.0	51.0	100	29	22	27	22	0.948	1	Human	Medium	100.0	2
47.0	53.0	100	27	26	23	24	0.427	0	Plant	High	100.0	3
53.0	47.0	100	28	19	23	30	0.343	0	Bacteria	Medium	100.0	2
50.0	50.0	100	23	27	25	25	0.153	1	Bacteria	Medium	100.0	2
57.0	43.0	100	23	20	30	27	0.614	1	Human	High	100.0	3
53.0	47.0	100	18	29	26	27	0.346	1	Plant	High	100.0	3
40.0	60.0	100	33	27	16	24	0.907	0	Plant	Low	100.0	1
47.0	53.0	100	33	20	30	17	0.925	1	Bacteria	Medium	100.0	2
48.0	52.0	100	22	30	24	24	0.796	0	Virus	High	100.0	3
59.0	41.0	100	20	21	24	35	0.948	1	Virus	High	100.0	3
47.0	53.0	100	29	24	25	22	0.402	0	Plant	Medium	100.0	2
55.0	45.0	100	25	20	32	23	0.534	0	Virus	Medium	100.0	2
44.0	56.0	100	32	24	21	23	0.351	1	Bacteria	Low	100.0	1
55.0	45.0	100	24	21	26	29	0.493	0	Bacteria	Medium	100.0	2
41.0	59.0	100	33	26	15	26	0.35	0	Bacteria	Low	100.0	1
56.0	44.0	100	21	23	25	31	0.276	1	Plant	Low	100.0	1
57.0	43.0	100	24	19	26	31	0.346	1	Human	High	100.0	3
55.0	45.0	100	27	18	23	32	0.207	0	Virus	High	100.0	3
47.0	53.0	100	25	28	22	25	0.653	0	Plant	High	100.0	3
52.0	48.0	100	22	26	22	30	0.266	0	Bacteria	High	100.0	3
53.0	47.0	100	23	24	31	22	0.808	0	Plant	Medium	100.0	2
58.0	42.0	100	21	21	23	35	0.716	0	Human	High	100.0	3
47.0	53.0	100	27	26	28	19	0.244	1	Bacteria	Medium	100.0	2
51.0	49.0	100	31	18	28	23	0.843	1	Virus	High	100.0	3
44.0	56.0	100	25	31	18	26	0.699	0	Plant	High	100.0	3
54.0	46.0	100	20	26	23	31	0.121	1	Plant	High	100.0	3
39.0	61.0	100	27	34	24	15	0.129	0	Plant	Low	100.0	1
52.0	48.0	100	19	29	20	32	0.928	0	Bacteria	High	100.0	3
55.0	45.0	100	18	27	26	29	0.157	1	Bacteria	High	100.0	3
52.0	48.0	100	24	24	23	29	0.778	0	Plant	High	100.0	3
50.0	50.0	100	28	22	29	21	0.695	1	Virus	Low	100.0	1
60.0	40.0	100	16	24	27	33	0.277	0	Human	High	100.0	3
57.0	43.0	100	22	21	28	29	0.735	1	Human	Low	100.0	1
53.0	47.0	100	19	28	31	22	0.519	1	Virus	Medium	100.0	2
52.0	48.0	100	26	22	28	24	0.427	1	Human	Low	100.0	1
40.0	60.0	100	21	39	22	18	0.222	0	Human	Low	100.0	1
60.0	40.0	100	12	28	35	25	0.562	1	Bacteria	Medium	100.0	2
49.0	51.0	100	27	24	27	22	0.301	0	Bacteria	High	100.0	3
52.0	48.0	100	27	21	25	27	0.646	1	Human	Low	100.0	1
56.0	44.0	100	19	25	34	22	0.148	0	Human	Low	100.0	1
53.0	47.0	100	22	25	25	28	0.646	1	Virus	Low	100.0	1
46.0	54.0	100	29	25	25	21	0.97	0	Plant	High	100.0	3
49.0	51.0	100	23	28	27	22	0.329	0	Human	Low	100.0	1
51.0	49.0	100	25	24	23	28	0.809	1	Virus	High	100.0	3
57.0	43.0	100	23	20	27	30	0.795	1	Virus	Medium	100.0	2
52.0	48.0	100	24	24	30	22	0.226	1	Bacteria	Low	100.0	1
49.0	51.0	100	27	24	23	26	0.197	0	Human	Low	100.0	1
48.0	52.0	100	21	31	28	20	0.426	1	Human	Low	100.0	1
48.0	52.0	100	33	19	20	28	0.894	0	Virus	Medium	100.0	2
51.0	49.0	100	26	23	18	33	0.218	0	Plant	Medium	100.0	2
46.0	54.0	100	24	30	19	27	0.121	1	Plant	High	100.0	3
59.0	41.0	100	19	22	34	25	0.528	1	Virus	High	100.0	3
50.0	50.0	100	24	26	20	30	0.264	1	Bacteria	High	100.0	3
47.0	53.0	100	26	27	27	20	0.354	0	Virus	Low	100.0	1
53.0	47.0	100	21	26	36	17	0.64	0	Human	Low	100.0	1
52.0	48.0	100	19	29	27	25	0.642	0	Human	High	100.0	3
53.0	47.0	100	24	23	24	29	0.713	0	Plant	High	100.0	3
43.0	57.0	100	33	24	21	22	0.828	1	Plant	Medium	100.0	2
49.0	51.0	100	29	22	27	22	0.182	1	Virus	Low	100.0	1
51.0	49.0	100	25	24	25	26	0.819	0	Plant	Medium	100.0	2
48.0	52.0	100	26	26	30	18	0.678	0	Bacteria	High	100.0	3
50.0	50.0	100	31	19	30	20	0.464	0	Human	Low	100.0	1
53.0	47.0	100	26	21	27	26	0.89	1	Plant	Low	100.0	1
52.0	48.0	100	27	21	29	23	0.508	1	Virus	High	100.0	3
61.0	39.0	100	18	21	31	30	0.374	1	Virus	Medium	100.0	2
51.0	49.0	100	19	30	24	27	0.965	0	Human	High	100.0	3
50.0	50.0	100	27	23	28	22	0.597	0	Bacteria	High	100.0	3
53.0	47.0	100	21	26	24	29	0.283	1	Human	Medium	100.0	2
48.0	52.0	100	29	23	29	19	0.197	0	Plant	Low	100.0	1
49.0	51.0	100	29	22	18	31	0.292	1	Bacteria	High	100.0	3
46.0	54.0	100	33	21	32	14	0.726	0	Virus	Medium	100.0	2
52.0	48.0	100	25	23	24	28	0.131	0	Virus	Medium	100.0	2
57.0	43.0	100	27	16	28	29	0.464	0	Virus	Medium	100.0	2
63.0	37.0	100	25	12	28	35	0.398	0	Plant	High	100.0	3
46.0	54.0	100	34	20	21	25	0.607	1	Bacteria	Medium	100.0	2
48.0	52.0	100	30	22	23	25	0.146	0	Plant	Medium	100.0	2
47.0	53.0	100	24	29	23	24	0.331	1	Human	High	100.0	3
49.0	51.0	100	26	25	27	22	0.252	1	Bacteria	High	100.0	3
48.0	52.0	100	25	27	22	26	0.946	1	Bacteria	High	100.0	3
50.0	50.0	100	27	23	25	25	0.498	0	Plant	Medium	100.0	2
47.0	53.0	100	15	38	26	21	0.226	1	Virus	Medium	100.0	2
42.0	58.0	100	23	35	25	17	0.362	1	Bacteria	Medium	100.0	2
54.0	46.0	100	21	25	27	27	0.785	0	Virus	Medium	100.0	2
57.0	43.0	100	23	20	33	24	0.242	1	Virus	Medium	100.0	2
52.0	48.0	100	27	21	26	26	0.111	1	Virus	Medium	100.0	2
40.0	60.0	100	36	24	15	25	0.935	0	Plant	Medium	100.0	2
49.0	51.0	100	31	20	23	26	0.433	0	Human	High	100.0	3
46.0	54.0	100	22	32	24	22	0.24	0	Plant	Low	100.0	1
49.0	51.0	100	23	28	23	26	0.85	0	Plant	Medium	100.0	2
51.0	49.0	100	18	31	29	22	0.686	0	Bacteria	Medium	100.0	2
56.0	44.0	100	28	16	29	27	0.732	1	Virus	Low	100.0	1
56.0	44.0	100	14	30	34	22	0.623	0	Virus	High	100.0	3
49.0	51.0	100	25	26	27	22	0.543	0	Bacteria	Medium	100.0	2
49.0	51.0	100	22	29	21	28	0.234	1	Plant	High	100.0	3
51.0	49.0	100	30	19	27	24	0.789	1	Virus	High	100.0	3
49.0	51.0	100	22	29	26	23	0.373	1	Bacteria	High	100.0	3
42.0	58.0	100	22	36	22	20	0.997	1	Virus	High	100.0	3
52.0	48.0	100	20	28	23	29	0.353	0	Human	Medium	100.0	2
52.0	48.0	100	21	27	33	19	0.726	1	Virus	Medium	100.0	2
59.0	41.0	100	20	21	25	34	0.597	0	Human	Low	100.0	1
48.0	52.0	100	27	25	22	26	0.516	1	Human	High	100.0	3
52.0	48.0	100	29	19	27	25	0.22	1	Human	High	100.0	3
44.0	56.0	100	24	32	24	20	0.894	0	Plant	Medium	100.0	2
52.0	48.0	100	27	21	25	27	0.579	0	Bacteria	Medium	100.0	2
42.0	58.0	100	29	29	19	23	0.817	0	Bacteria	High	100.0	3
52.0	48.0	100	20	28	23	29	0.366	0	Plant	Medium	100.0	2
49.0	51.0	100	28	23	25	24	0.398	0	Plant	Medium	100.0	2
50.0	50.0	100	28	22	20	30	0.539	0	Virus	Low	100.0	1
52.0	48.0	100	28	20	22	30	0.82	0	Plant	Low	100.0	1
42.0	58.0	100	29	29	20	22	0.931	0	Human	High	100.0	3
56.0	44.0	100	24	20	26	30	0.862	1	Bacteria	Medium	100.0	2
55.0	45.0	100	23	22	27	28	0.762	1	Human	High	100.0	3
55.0	45.0	100	23	22	27	28	0.468	1	Plant	High	100.0	3
51.0	49.0	100	24	25	27	24	0.265	1	Virus	Low	100.0	1
50.0	50.0	100	20	30	26	24	0.777	1	Human	Low	100.0	1
44.0	56.0	100	24	32	19	25	0.501	0	Bacteria	Medium	100.0	2
56.0	44.0	100	22	22	26	30	0.215	1	Human	Medium	100.0	2
54.0	46.0	100	27	19	19	35	0.625	0	Plant	Low	100.0	1
47.0	53.0	100	29	24	20	27	0.343	0	Human	Low	100.0	1
46.0	54.0	100	28	26	25	21	0.605	1	Virus	High	100.0	3
51.0	49.0	100	31	18	30	21	0.162	0	Human	Low	100.0	1
49.0	51.0	100	27	24	29	20	0.754	0	Plant	Low	100.0	1
46.0	54.0	100	22	32	23	23	0.248	1	Virus	Low	100.0	1
40.0	60.0	100	28	32	18	22	0.972	1	Bacteria	High	100.0	3
54.0	46.0	100	22	24	22	32	0.263	1	Plant	High	100.0	3
53.0	47.0	100	27	20	26	27	0.438	0	Plant	Medium	100.0	2
57.0	43.0	100	18	25	28	29	0.315	1	Human	Medium	100.0	2
41.0	59.0	100	25	34	26	15	0.896	0	Plant	Medium	100.0	2
52.0	48.0	100	25	23	26	26	0.575	0	Virus	High	100.0	3
51.0	49.0	100	21	28	21	30	0.97	0	Human	High	100.0	3
45.0	55.0	100	28	27	21	24	0.482	1	Virus	High	100.0	3
50.0	50.0	100	22	28	22	28	0.306	1	Plant	High	100.0	3
53.0	47.0	100	18	29	26	27	0.823	1	Human	Low	100.0	1
43.0	57.0	100	29	28	18	25	0.812	0	Virus	Low	100.0	1
51.0	49.0	100	26	23	29	22	0.901	1	Virus	Low	100.0	1
50.0	50.0	100	23	27	25	25	0.326	0	Plant	Low	100.0	1
57.0	43.0	100	18	25	29	28	0.882	1	Bacteria	Medium	100.0	2
46.0	54.0	100	20	34	26	20	0.426	0	Plant	High	100.0	3
48.0	52.0	100	28	24	22	26	0.205	1	Human	High	100.0	3
56.0	44.0	100	23	21	34	22	0.538	1	Plant	High	100.0	3
54.0	46.0	100	25	21	23	31	0.425	0	Plant	Medium	100.0	2
52.0	48.0	100	22	26	24	28	0.959	0	Bacteria	Medium	100.0	2
53.0	47.0	100	26	21	24	29	0.154	0	Human	Low	100.0	1
41.0	59.0	100	35	24	22	19	0.779	1	Virus	Low	100.0	1
51.0	49.0	100	28	21	24	27	0.449	0	Virus	High	100.0	3
54.0	46.0	100	27	19	22	32	0.556	1	Virus	High	100.0	3
50.0	50.0	100	20	30	22	28	0.934	0	Bacteria	High	100.0	3
50.0	50.0	100	21	29	23	27	0.143	0	Human	High	100.0	3
56.0	44.0	100	20	24	21	35	0.847	1	Human	Low	100.0	1
53.0	47.0	100	19	28	21	32	0.473	0	Plant	High	100.0	3
58.0	42.0	100	22	20	27	31	0.242	1	Bacteria	Medium	100.0	2
49.0	51.0	100	25	26	29	20	0.35	1	Virus	High	100.0	3
42.0	58.0	100	29	29	24	18	0.283	0	Plant	High	100.0	3
47.0	53.0	100	23	30	25	22	0.2	1	Plant	Low	100.0	1
56.0	44.0	100	25	19	23	33	0.454	0	Virus	Low	100.0	1
51.0	49.0	100	24	25	25	26	0.237	0	Virus	Medium	100.0	2
49.0	51.0	100	19	32	22	27	0.166	1	Bacteria	High	100.0	3
50.0	50.0	100	21	29	24	26	0.6	0	Virus	High	100.0	3
40.0	60.0	100	28	32	21	19	0.356	1	Virus	Low	100.0	1
47.0	53.0	100	32	21	25	22	0.602	0	Virus	Low	100.0	1
51.0	49.0	100	27	22	28	23	0.203	1	Virus	Low	100.0	1
49.0	51.0	100	20	31	26	23	0.366	1	Virus	High	100.0	3
56.0	44.0	100	19	25	21	35	0.72	1	Bacteria	High	100.0	3
47.0	53.0	100	20	33	31	16	0.838	1	Plant	Low	100.0	1
52.0	48.0	100	25	23	23	29	0.281	1	Virus	High	100.0	3
61.0	39.0	100	22	17	30	31	0.818	1	Human	Low	100.0	1
53.0	47.0	100	23	24	30	23	0.757	1	Plant	High	100.0	3
42.0	58.0	100	28	30	18	24	0.675	1	Human	High	100.0	3
54.0	46.0	100	24	22	21	33	0.325	0	Human	Low	100.0	1
57.0	43.0	100	20	23	32	25	0.868	1	Bacteria	High	100.0	3
54.0	46.0	100	29	17	25	29	0.215	1	Virus	High	100.0	3
48.0	52.0	100	23	29	23	25	0.367	1	Human	High	100.0	3
54.0	46.0	100	16	30	23	31	1.0	1	Plant	Medium	100.0	2
40.0	60.0	100	28	32	20	20	0.796	0	Plant	Medium	100.0	2
47.0	53.0	100	25	28	30	17	0.25	1	Virus	Medium	100.0	2
51.0	49.0	100	22	27	24	27	0.859	0	Bacteria	Low	100.0	1
61.0	39.0	100	16	23	32	29	0.861	1	Human	High	100.0	3
49.0	51.0	100	24	27	21	28	0.615	0	Virus	Medium	100.0	2
44.0	56.0	100	31	25	26	18	0.266	0	Virus	Low	100.0	1
55.0	45.0	100	19	26	20	35	0.343	0	Human	High	100.0	3
52.0	48.0	100	22	26	28	24	0.272	0	Human	High	100.0	3
49.0	51.0	100	23	28	25	24	0.836	0	Human	High	100.0	3
42.0	58.0	100	37	21	21	21	0.368	0	Virus	Low	100.0	1
45.0	55.0	100	31	24	21	24	0.985	1	Plant	Medium	100.0	2
47.0	53.0	100	31	22	25	22	0.398	0	Virus	Low	100.0	1
51.0	49.0	100	25	24	27	24	0.456	1	Bacteria	High	100.0	3
56.0	44.0	100	28	16	27	29	0.981	0	Human	High	100.0	3
46.0	54.0	100	28	26	17	29	0.683	1	Plant	High	100.0	3
50.0	50.0	100	26	24	20	30	0.414	0	Virus	Low	100.0	1
49.0	51.0	100	19	32	23	26	0.288	1	Plant	High	100.0	3
54.0	46.0	100	27	19	30	24	0.73	0	Bacteria	Medium	100.0	2
47.0	53.0	100	28	25	20	27	0.495	1	Virus	Medium	100.0	2
54.0	46.0	100	21	25	26	28	0.838	0	Bacteria	Low	100.0	1
49.0	51.0	100	28	23	23	26	0.112	1	Plant	Medium	100.0	2
51.0	49.0	100	21	28	26	25	0.17	0	Plant	High	100.0	3
52.0	48.0	100	20	28	19	33	0.681	1	Bacteria	Low	100.0	1
46.0	54.0	100	22	32	22	24	0.47	1	Plant	High	100.0	3
51.0	49.0	100	24	25	30	21	0.741	1	Human	Medium	100.0	2
52.0	48.0	100	18	30	19	33	0.633	0	Bacteria	Low	100.0	1
47.0	53.0	100	26	27	23	24	0.583	1	Virus	Medium	100.0	2
51.0	49.0	100	22	27	22	29	0.404	1	Plant	High	100.0	3
47.0	53.0	100	27	26	14	33	0.676	1	Human	High	100.0	3
39.0	61.0	100	26	35	17	22	0.661	1	Human	Medium	100.0	2
48.0	52.0	100	21	31	21	27	0.572	0	Human	High	100.0	3
49.0	51.0	100	31	20	30	19	0.801	1	Bacteria	Medium	100.0	2
48.0	52.0	100	28	24	29	19	0.738	0	Human	High	100.0	3
50.0	50.0	100	24	26	28	22	0.588	1	Plant	High	100.0	3
44.0	56.0	100	29	27	22	22	0.254	0	Virus	Medium	100.0	2
57.0	43.0	100	18	25	26	31	0.749	0	Bacteria	Medium	100.0	2
56.0	44.0	100	23	21	32	24	0.348	0	Human	Low	100.0	1
60.0	40.0	100	23	17	33	27	0.663	1	Human	High	100.0	3
53.0	47.0	100	24	23	23	30	0.142	1	Bacteria	High	100.0	3
55.0	45.0	100	16	29	30	25	0.285	1	Virus	Low	100.0	1
54.0	46.0	100	27	19	28	26	0.872	0	Virus	High	100.0	3
49.0	51.0	100	21	30	25	24	0.47	0	Bacteria	Low	100.0	1
54.0	46.0	100	26	20	26	28	0.795	0	Human	High	100.0	3
46.0	54.0	100	25	29	18	28	0.557	0	Virus	High	100.0	3
44.0	56.0	100	27	29	25	19	0.438	1	Virus	High	100.0	3
51.0	49.0	100	22	27	30	21	0.202	0	Human	Medium	100.0	2
42.0	58.0	100	25	33	21	21	0.823	0	Human	Medium	100.0	2
44.0	56.0	100	22	34	25	19	0.469	0	Virus	Low	100.0	1
46.0	54.0	100	31	23	24	22	0.834	0	Human	Medium	100.0	2
51.0	49.0	100	23	26	25	26	0.467	0	Virus	Low	100.0	1
38.0	62.0	100	33	29	21	17	0.42	0	Human	Medium	100.0	2
49.0	51.0	100	22	29	29	20	0.291	0	Human	Low	100.0	1
47.0	53.0	100	26	27	21	26	0.997	1	Bacteria	Medium	100.0	2
51.0	49.0	100	26	23	27	24	0.472	1	Bacteria	Low	100.0	1
59.0	41.0	100	20	21	27	32	0.223	1	Bacteria	Medium	100.0	2
47.0	53.0	100	25	28	28	19	0.11	1	Plant	Low	100.0	1
50.0	50.0	100	21	29	23	27	0.285	0	Plant	Medium	100.0	2
47.0	53.0	100	25	28	19	28	0.831	0	Bacteria	Medium	100.0	2
57.0	43.0	100	28	15	27	30	0.425	1	Bacteria	High	100.0	3
49.0	51.0	100	25	26	27	22	0.199	0	Virus	High	100.0	3
55.0	45.0	100	18	27	24	31	0.449	0	Plant	Low	100.0	1
52.0	48.0	100	27	21	28	24	0.388	1	Plant	Medium	100.0	2
56.0	44.0	100	25	19	29	27	0.821	0	Virus	Low	100.0	1
45.0	55.0	100	29	26	22	23	0.681	1	Human	Medium	100.0	2
53.0	47.0	100	21	26	19	34	0.277	0	Virus	Medium	100.0	2
49.0	51.0	100	23	28	33	16	0.993	0	Bacteria	Low	100.0	1
53.0	47.0	100	25	22	26	27	0.594	0	Virus	Low	100.0	1
40.0	60.0	100	27	33	13	27	0.552	0	Bacteria	High	100.0	3
52.0	48.0	100	25	23	31	21	0.538	0	Bacteria	High	100.0	3
42.0	58.0	100	29	29	22	20	0.595	0	Bacteria	Medium	100.0	2
57.0	43.0	100	19	24	26	31	0.408	1	Bacteria	Low	100.0	1
45.0	55.0	100	22	33	21	24	0.892	1	Bacteria	Medium	100.0	2
47.0	53.0	100	30	23	26	21	0.637	1	Plant	Medium	100.0	2
48.0	52.0	100	27	25	29	19	0.412	1	Virus	High	100.0	3
60.0	40.0	100	15	25	27	33	0.218	1	Human	High	100.0	3
55.0	45.0	100	20	25	28	27	0.334	1	Bacteria	Medium	100.0	2
40.0	60.0	100	25	35	17	23	0.489	0	Human	High	100.0	3
53.0	47.0	100	18	29	21	32	0.259	0	Plant	High	100.0	3
42.0	58.0	100	30	28	19	23	0.114	0	Virus	Medium	100.0	2
45.0	55.0	100	30	25	21	24	0.794	0	Virus	High	100.0	3
51.0	49.0	100	25	24	20	31	0.451	0	Plant	Medium	100.0	2
46.0	54.0	100	29	25	18	28	0.149	1	Plant	High	100.0	3
53.0	47.0	100	27	20	34	19	0.261	1	Bacteria	Medium	100.0	2
45.0	55.0	100	26	29	26	19	0.715	1	Bacteria	Low	100.0	1
55.0	45.0	100	25	20	27	28	0.191	1	Human	Medium	100.0	2
57.0	43.0	100	18	25	35	22	0.718	0	Plant	Medium	100.0	2
45.0	55.0	100	36	19	20	25	0.471	0	Bacteria	High	100.0	3
52.0	48.0	100	25	23	27	25	0.517	0	Bacteria	Medium	100.0	2
59.0	41.0	100	18	23	24	35	0.78	1	Virus	High	100.0	3
64.0	36.0	100	14	22	31	33	0.32	1	Virus	High	100.0	3
52.0	48.0	100	29	19	24	28	0.833	0	Virus	Low	100.0	1
47.0	53.0	100	28	25	18	29	0.1	1	Virus	High	100.0	3
45.0	55.0	100	27	28	18	27	0.312	0	Virus	High	100.0	3
46.0	54.0	100	27	27	21	25	0.243	1	Bacteria	Low	100.0	1
49.0	51.0	100	33	18	30	19	0.855	0	Plant	Medium	100.0	2
53.0	47.0	100	27	20	25	28	0.206	0	Virus	High	100.0	3
49.0	51.0	100	25	26	26	23	0.707	0	Plant	High	100.0	3
54.0	46.0	100	23	23	28	26	0.478	1	Bacteria	Medium	100.0	2
44.0	56.0	100	33	23	25	19	0.871	1	Human	Low	100.0	1
50.0	50.0	100	26	24	24	26	0.715	1	Virus	High	100.0	3
50.0	50.0	100	28	22	18	32	0.935	0	Bacteria	Low	100.0	1
47.0	53.0	100	25	28	17	30	0.844	1	Human	Low	100.0	1
51.0	49.0	100	24	25	24	27	0.606	1	Human	Medium	100.0	2
47.0	53.0	100	26	27	29	18	0.711	0	Human	Low	100.0	1
49.0	51.0	100	30	21	23	26	0.24	1	Plant	Medium	100.0	2
44.0	56.0	100	26	30	19	25	0.226	0	Plant	High	100.0	3
45.0	55.0	100	25	30	29	16	0.579	1	Virus	Medium	100.0	2
55.0	45.0	100	12	33	20	35	0.855	1	Human	High	100.0	3
56.0	44.0	100	22	22	28	28	0.79	0	Human	High	100.0	3
59.0	41.0	100	22	19	29	30	0.548	1	Virus	High	100.0	3
54.0	46.0	100	29	17	25	29	0.689	1	Bacteria	Low	100.0	1
57.0	43.0	100	24	19	22	35	0.814	1	Plant	Medium	100.0	2
49.0	51.0	100	29	22	22	27	0.997	1	Bacteria	High	100.0	3
42.0	58.0	100	28	30	24	18	0.691	1	Bacteria	Medium	100.0	2
46.0	54.0	100	24	30	22	24	0.115	1	Bacteria	Low	100.0	1
48.0	52.0	100	29	23	22	26	0.829	1	Plant	Low	100.0	1
55.0	45.0	100	21	24	31	24	0.384	0	Bacteria	High	100.0	3
38.0	62.0	100	26	36	15	23	0.701	1	Virus	High	100.0	3
55.0	45.0	100	28	17	31	24	0.507	1	Plant	High	100.0	3
52.0	48.0	100	20	28	29	23	0.484	1	Plant	Low	100.0	1
53.0	47.0	100	22	25	29	24	0.959	1	Bacteria	Low	100.0	1
48.0	52.0	100	24	28	26	22	0.557	0	Human	High	100.0	3
46.0	54.0	100	31	23	29	17	0.597	0	Human	High	100.0	3
47.0	53.0	100	28	25	20	27	0.224	1	Plant	Medium	100.0	2
49.0	51.0	100	24	27	25	24	0.211	1	Plant	Medium	100.0	2
53.0	47.0	100	27	20	28	25	0.993	0	Bacteria	High	100.0	3
45.0	55.0	100	30	25	22	23	0.622	0	Bacteria	Low	100.0	1
51.0	49.0	100	22	27	24	27	0.73	1	Human	High	100.0	3
53.0	47.0	100	24	23	29	24	0.731	1	Bacteria	Low	100.0	1
47.0	53.0	100	25	28	23	24	0.191	1	Plant	High	100.0	3
53.0	47.0	100	24	23	24	29	0.371	1	Plant	High	100.0	3
53.0	47.0	100	24	23	35	18	0.7	1	Plant	Medium	100.0	2
48.0	52.0	100	30	22	24	24	0.639	0	Virus	Medium	100.0	2
63.0	37.0	100	20	17	31	32	0.791	0	Plant	Low	100.0	1
45.0	55.0	100	19	36	22	23	0.59	1	Human	Medium	100.0	2
46.0	54.0	100	34	20	20	26	0.862	0	Human	Low	100.0	1
52.0	48.0	100	21	27	22	30	0.533	1	Plant	Low	100.0	1
39.0	61.0	100	31	30	15	24	0.767	1	Virus	High	100.0	3
43.0	57.0	100	26	31	19	24	0.411	0	Bacteria	Low	100.0	1
53.0	47.0	100	27	20	29	24	0.485	0	Plant	Low	100.0	1
44.0	56.0	100	26	30	22	22	0.742	1	Plant	High	100.0	3
53.0	47.0	100	19	28	27	26	0.927	0	Human	High	100.0	3
42.0	58.0	100	33	25	20	22	0.944	1	Human	Low	100.0	1
48.0	52.0	100	26	26	22	26	0.541	0	Human	Medium	100.0	2
51.0	49.0	100	24	25	28	23	0.96	0	Bacteria	Medium	100.0	2
48.0	52.0	100	32	20	27	21	0.513	1	Plant	Low	100.0	1
45.0	55.0	100	30	25	22	23	0.167	0	Bacteria	High	100.0	3
56.0	44.0	100	22	22	31	25	0.801	1	Bacteria	High	100.0	3
50.0	50.0	100	28	22	32	18	0.672	0	Bacteria	High	100.0	3
52.0	48.0	100	25	23	23	29	0.35	1	Plant	High	100.0	3
53.0	47.0	100	18	29	30	23	0.855	0	Human	High	100.0	3
56.0	44.0	100	19	25	30	26	0.246	0	Virus	Low	100.0	1
42.0	58.0	100	23	35	24	18	0.736	0	Human	Medium	100.0	2
50.0	50.0	100	25	25	28	22	0.155	0	Virus	Medium	100.0	2
54.0	46.0	100	22	24	24	30	0.646	0	Virus	Low	100.0	1
49.0	51.0	100	23	28	27	22	0.178	1	Virus	Low	100.0	1
50.0	50.0	100	21	29	27	23	0.356	0	Human	High	100.0	3
52.0	48.0	100	32	16	23	29	0.726	1	Bacteria	Low	100.0	1
42.0	58.0	100	31	27	20	22	0.792	1	Plant	High	100.0	3
45.0	55.0	100	31	24	25	20	0.556	1	Bacteria	High	100.0	3
61.0	39.0	100	22	17	37	24	0.183	1	Bacteria	Low	100.0	1
44.0	56.0	100	31	25	26	18	0.626	1	Plant	Low	100.0	1
53.0	47.0	100	24	23	32	21	0.897	0	Virus	High	100.0	3
55.0	45.0	100	22	23	26	29	0.877	1	Human	Medium	100.0	2
50.0	50.0	100	31	19	29	21	0.941	0	Virus	Low	100.0	1
50.0	50.0	100	22	28	29	21	0.46	1	Human	High	100.0	3
50.0	50.0	100	26	24	31	19	0.549	1	Plant	Low	100.0	1
58.0	42.0	100	24	18	32	26	0.393	0	Plant	High	100.0	3
45.0	55.0	100	28	27	21	24	0.884	0	Virus	High	100.0	3
50.0	50.0	100	28	22	14	36	0.778	1	Human	Low	100.0	1
45.0	55.0	100	26	29	23	22	0.15	0	Human	High	100.0	3
35.0	65.0	100	34	31	22	13	0.851	0	Human	Low	100.0	1
48.0	52.0	100	27	25	22	26	0.756	1	Bacteria	High	100.0	3
50.0	50.0	100	25	25	27	23	0.558	0	Bacteria	High	100.0	3
52.0	48.0	100	25	23	24	28	0.702	0	Human	Medium	100.0	2
52.0	48.0	100	26	22	20	32	0.12	0	Bacteria	Medium	100.0	2
63.0	37.0	100	22	15	30	33	0.958	1	Virus	High	100.0	3
53.0	47.0	100	23	24	25	28	0.796	0	Virus	Low	100.0	1
52.0	48.0	100	17	31	25	27	0.225	0	Plant	High	100.0	3
42.0	58.0	100	26	32	20	22	0.489	0	Plant	High	100.0	3
46.0	54.0	100	29	25	23	23	0.406	0	Human	High	100.0	3
53.0	47.0	100	25	22	22	31	0.304	1	Plant	Medium	100.0	2
45.0	55.0	100	26	29	20	25	0.434	0	Plant	Medium	100.0	2
45.0	55.0	100	34	21	21	24	0.866	0	Bacteria	Low	100.0	1
52.0	48.0	100	20	28	25	27	0.439	1	Human	Medium	100.0	2
58.0	42.0	100	26	16	28	30	0.183	1	Human	High	100.0	3
49.0	51.0	100	34	17	24	25	0.225	1	Plant	High	100.0	3
43.0	57.0	100	29	28	25	18	0.954	1	Bacteria	High	100.0	3
49.0	51.0	100	24	27	20	29	0.917	0	Human	Low	100.0	1
51.0	49.0	100	27	22	24	27	0.874	1	Bacteria	Low	100.0	1
44.0	56.0	100	30	26	23	21	0.179	1	Plant	Medium	100.0	2
48.0	52.0	100	24	28	28	20	0.522	1	Virus	Low	100.0	1
49.0	51.0	100	24	27	28	21	0.339	1	Bacteria	Medium	100.0	2
41.0	59.0	100	30	29	14	27	0.671	0	Plant	High	100.0	3
50.0	50.0	100	25	25	29	21	0.161	0	Plant	High	100.0	3
42.0	58.0	100	25	33	18	24	0.817	0	Bacteria	High	100.0	3
46.0	54.0	100	33	21	27	19	0.721	1	Virus	Low	100.0	1
45.0	55.0	100	24	31	24	21	0.914	1	Human	Low	100.0	1
55.0	45.0	100	19	26	27	28	0.97	1	Human	High	100.0	3
48.0	52.0	100	30	22	26	22	0.945	0	Plant	High	100.0	3
53.0	47.0	100	20	27	20	33	0.918	1	Human	High	100.0	3
56.0	44.0	100	25	19	24	32	0.882	0	Virus	Medium	100.0	2
43.0	57.0	100	32	25	23	20	0.662	1	Bacteria	Low	100.0	1
57.0	43.0	100	22	21	29	28	0.153	0	Virus	High	100.0	3
41.0	59.0	100	34	25	20	21	0.489	0	Virus	Low	100.0	1
49.0	51.0	100	29	22	26	23	0.17	0	Bacteria	Medium	100.0	2
47.0	53.0	100	30	23	20	27	0.709	0	Plant	Low	100.0	1
53.0	47.0	100	22	25	19	34	0.291	0	Plant	High	100.0	3
51.0	49.0	100	29	20	30	21	0.126	0	Virus	Medium	100.0	2
53.0	47.0	100	15	32	28	25	0.548	0	Plant	High	100.0	3
50.0	50.0	100	21	29	22	28	0.523	0	Plant	High	100.0	3
59.0	41.0	100	22	19	30	29	0.409	1	Bacteria	High	100.0	3
48.0	52.0	100	23	29	23	25	0.592	1	Bacteria	Low	100.0	1
48.0	52.0	100	28	24	27	21	0.827	1	Bacteria	Low	100.0	1
53.0	47.0	100	27	20	20	33	0.903	1	Bacteria	Medium	100.0	2
50.0	50.0	100	23	27	27	23	0.535	1	Bacteria	Medium	100.0	2
43.0	57.0	100	34	23	22	21	0.13	0	Human	Medium	100.0	2
53.0	47.0	100	25	22	27	26	0.643	0	Plant	High	100.0	3
47.0	53.0	100	23	30	19	28	0.234	0	Bacteria	Low	100.0	1
56.0	44.0	100	17	27	29	27	0.139	1	Virus	Low	100.0	1
55.0	45.0	100	23	22	28	27	0.895	1	Human	Medium	100.0	2
49.0	51.0	100	24	27	28	21	0.503	1	Human	Low	100.0	1
50.0	50.0	100	24	26	21	29	0.987	1	Virus	Low	100.0	1
47.0	53.0	100	28	25	20	27	0.367	1	Human	Low	100.0	1
50.0	50.0	100	27	23	23	27	0.386	1	Virus	High	100.0	3
48.0	52.0	100	30	22	25	23	0.782	1	Virus	Low	100.0	1
51.0	49.0	100	27	22	25	26	0.624	0	Plant	Low	100.0	1
52.0	48.0	100	19	29	24	28	0.978	1	Bacteria	Medium	100.0	2
51.0	49.0	100	24	25	30	21	0.701	1	Virus	High	100.0	3
52.0	48.0	100	24	24	26	26	0.366	1	Human	High	100.0	3
59.0	41.0	100	19	22	35	24	0.735	0	Plant	High	100.0	3
50.0	50.0	100	29	21	26	24	0.123	1	Plant	Low	100.0	1
50.0	50.0	100	27	23	26	24	0.658	1	Virus	Low	100.0	1
50.0	50.0	100	27	23	31	19	0.238	1	Bacteria	Medium	100.0	2
49.0	51.0	100	35	16	30	19	0.783	1	Human	High	100.0	3
49.0	51.0	100	23	28	27	22	0.535	0	Bacteria	High	100.0	3
56.0	44.0	100	30	14	28	28	0.149	0	Bacteria	High	100.0	3
55.0	45.0	100	28	17	27	28	0.397	0	Bacteria	Medium	100.0	2
54.0	46.0	100	20	26	32	22	0.762	0	Human	Low	100.0	1
51.0	49.0	100	18	31	30	21	0.233	0	Virus	Medium	100.0	2
57.0	43.0	100	20	23	25	32	0.701	1	Human	High	100.0	3
45.0	55.0	100	24	31	20	25	0.209	1	Plant	Medium	100.0	2
46.0	54.0	100	28	26	28	18	0.957	1	Bacteria	Medium	100.0	2
46.0	54.0	100	30	24	27	19	0.901	1	Plant	Medium	100.0	2
52.0	48.0	100	26	22	25	27	0.592	0	Human	Medium	100.0	2
57.0	43.0	100	19	24	30	27	0.561	1	Bacteria	High	100.0	3
57.0	43.0	100	23	20	30	27	0.115	0	Bacteria	Low	100.0	1
40.0	60.0	100	30	30	12	28	0.381	1	Plant	High	100.0	3
60.0	40.0	100	21	19	24	36	0.441	0	Human	Low	100.0	1
46.0	54.0	100	18	36	17	29	0.881	0	Virus	High	100.0	3
47.0	53.0	100	28	25	27	20	0.738	1	Virus	High	100.0	3
35.0	65.0	100	32	33	17	18	0.525	1	Bacteria	Medium	100.0	2
55.0	45.0	100	22	23	29	26	0.977	1	Bacteria	Medium	100.0	2
43.0	57.0	100	34	23	25	18	0.146	1	Bacteria	Low	100.0	1
50.0	50.0	100	31	19	19	31	0.951	0	Plant	Low	100.0	1
48.0	52.0	100	24	28	27	21	0.632	0	Human	Low	100.0	1
54.0	46.0	100	32	14	24	30	0.141	0	Human	Medium	100.0	2
53.0	47.0	100	21	26	24	29	0.284	0	Plant	High	100.0	3
39.0	61.0	100	36	25	22	17	0.395	0	Virus	Medium	100.0	2
44.0	56.0	100	31	25	24	20	0.531	1	Bacteria	Medium	100.0	2
43.0	57.0	100	24	33	21	22	0.626	0	Bacteria	High	100.0	3
53.0	47.0	100	22	25	24	29	0.592	0	Bacteria	High	100.0	3
51.0	49.0	100	23	26	19	32	0.713	1	Plant	Medium	100.0	2
50.0	50.0	100	24	26	27	23	0.677	1	Virus	High	100.0	3
52.0	48.0	100	25	23	26	26	0.433	1	Human	High	100.0	3
54.0	46.0	100	21	25	33	21	0.96	1	Bacteria	Medium	100.0	2
44.0	56.0	100	25	31	25	19	0.72	0	Bacteria	High	100.0	3
50.0	50.0	100	24	26	24	26	0.424	0	Plant	Medium	100.0	2
46.0	54.0	100	29	25	13	33	0.114	0	Plant	Medium	100.0	2
46.0	54.0	100	31	23	18	28	0.167	0	Virus	Medium	100.0	2
53.0	47.0	100	25	22	21	32	0.84	0	Plant	Medium	100.0	2
54.0	46.0	100	23	23	28	26	0.47	0	Human	Low	100.0	1
50.0	50.0	100	28	22	24	26	0.483	0	Bacteria	Low	100.0	1
57.0	43.0	100	22	21	26	31	0.813	0	Human	High	100.0	3
44.0	56.0	100	31	25	26	18	0.552	0	Virus	Low	100.0	1
54.0	46.0	100	24	22	34	20	0.103	1	Human	Low	100.0	1
46.0	54.0	100	31	23	26	20	0.584	0	Bacteria	Medium	100.0	2
51.0	49.0	100	26	23	23	28	0.915	0	Human	Low	100.0	1
47.0	53.0	100	31	22	20	27	0.378	1	Virus	High	100.0	3
55.0	45.0	100	20	25	30	25	0.646	1	Virus	Low	100.0	1
47.0	53.0	100	25	28	20	27	0.742	0	Bacteria	Medium	100.0	2
50.0	50.0	100	28	22	33	17	0.333	1	Plant	High	100.0	3
56.0	44.0	100	23	21	28	28	0.594	1	Plant	Low	100.0	1
43.0	57.0	100	24	33	20	23	0.119	0	Virus	Medium	100.0	2
48.0	52.0	100	23	29	26	22	0.282	1	Plant	High	100.0	3
63.0	37.0	100	12	25	30	33	0.916	0	Human	High	100.0	3
47.0	53.0	100	23	30	32	15	0.148	0	Plant	Medium	100.0	2
48.0	52.0	100	29	23	24	24	0.457	0	Human	High	100.0	3
54.0	46.0	100	22	24	34	20	0.384	0	Plant	Medium	100.0	2
62.0	38.0	100	22	16	29	33	0.916	1	Plant	High	100.0	3
46.0	54.0	100	27	27	21	25	0.621	1	Virus	Low	100.0	1
55.0	45.0	100	24	21	24	31	0.773	1	Bacteria	Low	100.0	1
51.0	49.0	100	30	19	30	21	0.455	1	Bacteria	Medium	100.0	2
46.0	54.0	100	33	21	22	24	0.638	1	Bacteria	High	100.0	3
56.0	44.0	100	24	20	29	27	0.599	0	Bacteria	High	100.0	3
49.0	51.0	100	23	28	28	21	0.254	1	Human	High	100.0	3
39.0	61.0	100	37	24	17	22	0.291	1	Virus	Low	100.0	1
52.0	48.0	100	20	28	23	29	0.34	0	Virus	Low	100.0	1
49.0	51.0	100	24	27	30	19	0.959	1	Virus	High	100.0	3
46.0	54.0	100	28	26	24	22	0.529	1	Virus	Medium	100.0	2
51.0	49.0	100	24	25	27	24	0.954	1	Human	Medium	100.0	2
50.0	50.0	100	21	29	27	23	0.239	1	Human	Low	100.0	1
49.0	51.0	100	24	27	19	30	0.963	1	Human	Low	100.0	1
45.0	55.0	100	33	22	19	26	0.79	1	Human	High	100.0	3
40.0	60.0	100	31	29	17	23	0.171	1	Plant	Medium	100.0	2
45.0	55.0	100	28	27	26	19	0.274	0	Bacteria	High	100.0	3
39.0	61.0	100	25	36	16	23	0.935	0	Bacteria	Low	100.0	1
49.0	51.0	100	23	28	23	26	0.69	0	Virus	High	100.0	3
50.0	50.0	100	25	25	32	18	0.871	1	Virus	Medium	100.0	2
51.0	49.0	100	26	23	25	26	0.145	0	Human	Low	100.0	1
52.0	48.0	100	20	28	22	30	0.709	1	Virus	Medium	100.0	2
55.0	45.0	100	25	20	21	34	0.15	1	Human	Medium	100.0	2
45.0	55.0	100	29	26	23	22	0.638	1	Human	High	100.0	3
57.0	43.0	100	20	23	31	26	0.15	1	Bacteria	Medium	100.0	2
44.0	56.0	100	28	28	24	20	0.384	0	Virus	Medium	100.0	2
50.0	50.0	100	36	14	23	27	0.486	0	Bacteria	High	100.0	3
49.0	51.0	100	24	27	20	29	0.542	1	Bacteria	High	100.0	3
50.0	50.0	100	24	26	31	19	0.756	1	Virus	High	100.0	3
46.0	54.0	100	30	24	27	19	0.786	1	Plant	Medium	100.0	2
49.0	51.0	100	28	23	24	25	0.831	0	Plant	Medium	100.0	2
53.0	47.0	100	21	26	30	23	0.14	0	Virus	Medium	100.0	2
46.0	54.0	100	26	28	25	21	0.685	0	Plant	Medium	100.0	2
46.0	54.0	100	33	21	29	17	0.716	0	Plant	High	100.0	3
